Country Name,Country Code,Year,R&D_Expenditure_%GDP,Researchers_per_Million,Patent_Applications
Australia,AUS,1996,1.66218,3353.7053,1797.0
Belgium,BEL,1996,1.74299,2477.43906,776.0
Bulgaria,BGR,1996,0.41826,1771.85422,316.0
Canada,CAN,1996,1.60682,3055.67247,2583.0
Switzerland,CHE,1996,2.37649,3130.03604,2504.0
China,CHN,1996,0.56324,447.0994,11628.0
Czechia,CZE,1996,0.88912,1258.0318,614.0
Germany,DEU,1996,2.14461,2801.62099,42322.0
Denmark,DNK,1996,1.80667,3180.15253,1309.0
East Asia & Pacific,EAS,1996,2.18445578216061,897.965464886747,424249.0
Europe & Central Asia,ECS,1996,1.64392778551766,2273.59941282051,163870.0
Ecuador,ECU,1996,0.07406,84.01608,7.0
Spain,ESP,1996,0.78753,1286.11531,2274.0
France,FRA,1996,2.2228,2656.27136,12916.0
United Kingdom,GBR,1996,1.5754,2485.75438,18184.0
Hungary,HUN,1996,0.63027,1009.14592,803.0
India,IND,1996,0.63905,153.94902,1661.0
Italy,ITA,1996,0.9459,1337.61364,6997.0
Japan,JPN,1996,2.64303,4906.38735,340101.0
"Korea, Rep.",KOR,1996,2.21616,2186.08907,68405.0
Sri Lanka,LKA,1996,0.18356,194.43149,50.0
Lithuania,LTU,1996,0.4917,2084.56665,100.0
Latvia,LVA,1996,0.39689,1149.21172,196.0
Mexico,MEX,1996,0.23838,217.03384,386.0
Malaysia,MYS,1996,0.21645,91.99322,221.0
North America,NAC,1996,2.38902998565091,3119.51353257458,109475.0
Netherlands,NLD,1996,1.84093,2277.62765,2348.0
Panama,PAN,1996,0.3101,113.61824,31.0
Poland,POL,1996,0.63937,1367.8676,2411.0
Portugal,PRT,1996,0.5495,1255.99385,86.0
Romania,ROU,1996,0.67472,1340.54887,1831.0
Russian Federation,RUS,1996,0.96592,3792.63573,18014.0
South Asia,SAS,1996,0.623488631237301,154.675615188746,1749.0
Singapore,SGP,1996,1.31991,2532.4262,224.0
Slovak Republic,SVK,1996,0.88963,1868.13993,195.0
Slovenia,SVN,1996,1.26473,2257.90178,288.0
Thailand,THA,1996,0.11918,101.45653,203.0
Turkiye,TUR,1996,0.45159,294.0892,189.0
United States,USA,1996,2.45013,3126.53057,106892.0
Zambia,ZMB,1996,0.01104,50.04499,6.0
Argentina,ARG,1997,0.41959,694.1551,824.0
Belgium,BEL,1997,1.80971,2582.2631,792.0
Bulgaria,BGR,1997,0.46548,1450.78139,394.0
Canada,CAN,1997,1.61386,3114.23872,3344.0
China,CHN,1997,0.63873,476.21305,12672.0
Czechia,CZE,1997,0.98819,1222.7761,579.0
Germany,DEU,1997,2.18832,2862.8306,44438.0
Denmark,DNK,1997,1.88914,3319.53904,1319.0
East Asia & Pacific,EAS,1997,2.25962381273574,882.953257066031,435329.0
Europe & Central Asia,ECS,1997,1.62807461368712,2233.55618705017,161961.0
Ecuador,ECU,1997,0.06263,78.17639,8.0
Spain,ESP,1997,0.77781,1336.11001,2237.0
France,FRA,1997,2.14699,2646.3481,13252.0
United Kingdom,GBR,1997,1.53729,2495.08042,17938.0
Greece,GRC,1997,0.4291,1034.83571,293.0
High income,HIC,1997,2.15516570799632,2921.84139386571,690700.0
Hungary,HUN,1997,0.69895,1083.88096,737.0
Iceland,ISL,1997,1.79808,4967.78663,22.0
Japan,JPN,1997,2.72177,4959.03285,350807.0
"Korea, Rep.",KOR,1997,2.2483,2241.82853,67359.0
Lithuania,LTU,1997,0.53667,2175.00297,125.0
Latvia,LVA,1997,0.36627,1067.30045,162.0
Mexico,MEX,1997,0.26404,229.69194,420.0
North Macedonia,MKD,1997,0.35911,606.0126,66.0
North America,NAC,1997,2.415147558048,3225.28950214987,122558.0
Nicaragua,NIC,1997,0.0651,71.26696,3.0
Netherlands,NLD,1997,1.84477,2427.11356,2391.0
Norway,NOR,1997,1.5935,3981.76176,1256.0
New Zealand,NZL,1997,1.05649,2200.13553,1572.0
Pakistan,PAK,1997,0.15565,70.9917,27.0
Poland,POL,1997,0.64315,1449.61312,2399.0
Portugal,PRT,1997,0.56374,1352.48105,71.0
Romania,ROU,1997,0.57451,1264.78609,1708.0
Russian Federation,RUS,1997,1.04374,3598.52212,15106.0
Singapore,SGP,1997,1.41564,2599.84477,288.0
Slovak Republic,SVK,1997,1.05108,1862.07768,224.0
Slovenia,SVN,1997,1.24643,2025.7301,266.0
Sweden,SWE,1997,3.27394,4169.89584,4130.0
Thailand,THA,1997,0.10214,73.08507,246.0
Turkiye,TUR,1997,0.49168,302.97728,203.0
United States,USA,1997,2.47714,3237.46993,119214.0
South Africa,ZAF,1997,0.52694,188.02634,355.0
Argentina,ARG,1998,0.41131,702.90202,861.0
Australia,AUS,1998,1.51351,3379.7753,1862.0
Austria,AUT,1998,1.73155,2347.32828,1957.0
Belgium,BEL,1998,1.83825,2707.1088,690.0
Bulgaria,BGR,1998,0.48223,1464.18095,274.0
Canada,CAN,1998,1.71051,3153.03798,3809.0
China,CHN,1998,0.64689,389.62565,13751.0
Czechia,CZE,1998,1.06022,1223.32114,624.0
Germany,DEU,1998,2.21613,2884.30523,46523.0
East Asia & Pacific,EAS,1998,2.22632710001629,870.800992244599,428311.0
Europe & Central Asia,ECS,1998,1.60444303553081,2173.29491784748,171753.0
Spain,ESP,1998,0.84804,1487.41148,2271.0
Estonia,EST,1998,0.56501,2102.37983,20.0
France,FRA,1998,2.09476,2654.5869,13251.0
United Kingdom,GBR,1998,1.54777,2694.02542,19530.0
High income,HIC,1998,2.16032520926217,2955.54339182854,706700.0
"Hong Kong SAR, China",HKG,1998,0.4283,1053.71375,128.0
Hungary,HUN,1998,0.65711,1142.65899,690.0
India,IND,1998,0.70379,116.49341,2247.0
Iceland,ISL,1998,1.95099,5191.01854,41.0
Japan,JPN,1998,2.82745,5164.5008,359381.0
"Korea, Rep.",KOR,1998,2.11026,2007.82828,50596.0
Lithuania,LTU,1998,0.54381,2369.25296,134.0
Latvia,LVA,1998,0.37922,1056.15768,195.0
Madagascar,MDG,1998,0.0938,13.98026,14.0
Mexico,MEX,1998,0.28519,219.74652,453.0
North Macedonia,MKD,1998,0.40842,676.75616,84.0
Malaysia,MYS,1998,0.39789,157.86504,193.0
North America,NAC,1998,2.44483914931237,3387.60203610383,138542.0
Netherlands,NLD,1998,1.74206,2478.35144,2451.0
Poland,POL,1998,0.65971,1465.27746,2407.0
Portugal,PRT,1998,0.62486,1450.22471,96.0
Romania,ROU,1998,0.49541,1230.48005,1299.0
Russian Federation,RUS,1998,0.95383,3333.54675,16454.0
South Asia,SAS,1998,0.70379,116.49341,2378.0
Singapore,SGP,1998,1.73707,2951.84056,311.0
Slovak Republic,SVK,1998,0.76541,1888.15391,213.0
Slovenia,SVN,1998,1.30515,2160.49912,288.0
Turkiye,TUR,1998,0.36198,298.97969,207.0
United States,USA,1998,2.49621,3413.24357,134733.0
Argentina,ARG,1999,0.45337,710.82614,899.0
Belgium,BEL,1999,1.90565,2910.88176,591.0
Bulgaria,BGR,1999,0.53688,1306.20445,282.0
Canada,CAN,1999,1.74985,3238.35328,4061.0
China,CHN,1999,0.74963,422.97614,15626.0
Czechia,CZE,1999,1.04957,1319.35303,596.0
Germany,DEU,1999,2.34779,3120.9,50029.0
Denmark,DNK,1999,2.12764,3565.39014,1656.0
East Asia & Pacific,EAS,1999,2.29546983317795,859.228160955119,436757.0
Europe & Central Asia,ECS,1999,1.69835347706285,2271.25667366714,191401.0
Spain,ESP,1999,0.83854,1512.15158,2439.0
Estonia,EST,1999,0.67708,2135.26422,13.0
France,FRA,1999,2.10767,2723.93306,13592.0
United Kingdom,GBR,1999,1.62269,2853.23907,21333.0
Greece,GRC,1999,0.56823,1378.09346,290.0
High income,HIC,1999,2.23384076119956,3015.54823951444,735400.0
"Hong Kong SAR, China",HKG,1999,0.45767,1205.55046,42.0
Croatia,HRV,1999,0.83179,1250.71645,246.0
Hungary,HUN,1999,0.67186,1228.7746,729.0
Iceland,ISL,1999,2.23506,5720.28444,35.0
Italy,ITA,1999,0.98065,1137.5056,6281.0
Japan,JPN,1999,2.84672,5201.03384,360180.0
"Korea, Rep.",KOR,1999,2.01567,2161.01827,55970.0
Lithuania,LTU,1999,0.50206,2415.60995,86.0
Latvia,LVA,1999,0.35183,1094.45031,91.0
Madagascar,MDG,1999,0.08342,14.41915,10.0
Mexico,MEX,1999,0.32719,227.07752,455.0
North Macedonia,MKD,1999,0.32809,663.60475,64.0
North America,NAC,1999,2.49138674706044,3455.02756173757,153312.0
Netherlands,NLD,1999,1.82282,2631.55841,2545.0
Norway,NOR,1999,1.60437,4115.69293,1335.0
New Zealand,NZL,1999,0.96387,2292.23305,1420.0
Poland,POL,1999,0.68055,1472.95828,2285.0
Portugal,PRT,1999,0.68121,1546.5656,81.0
Romania,ROU,1999,0.39832,1056.12086,1061.0
Russian Federation,RUS,1999,0.99623,3368.95669,19900.0
Singapore,SGP,1999,1.81624,3195.81732,374.0
Slovak Republic,SVK,1999,0.64475,1711.85647,213.0
Slovenia,SVN,1999,1.33688,2239.48814,261.0
Sweden,SWE,1999,3.38132,4508.76656,4142.0
Thailand,THA,1999,0.24836,168.24107,738.0
Turkiye,TUR,1999,0.45557,312.68431,276.0
Uruguay,URY,1999,0.22417,223.02794,27.0
United States,USA,1999,2.54362,3478.63413,149251.0
Argentina,ARG,2000,0.43884,713.92711,1062.0
Australia,AUS,2000,1.57198,3470.70203,1928.0
Belgium,BEL,2000,1.9362,2982.55342,577.0
Bulgaria,BGR,2000,0.49517,1179.69599,231.0
Brazil,BRA,2000,1.04751,298.53981,3179.0
Canada,CAN,2000,1.85848,3510.48256,4187.0
Switzerland,CHE,2000,2.26386,3643.69175,2083.0
China,CHN,2000,0.89316,549.57477,25346.0
Czechia,CZE,2000,1.10997,1352.21409,555.0
Germany,DEU,2000,2.40982,3154.48437,51736.0
East Asia & Pacific,EAS,2000,2.23158477402329,934.012770901935,490611.0
Europe & Central Asia,ECS,2000,1.68274403756978,2257.10025564865,204843.0
Spain,ESP,2000,0.88276,1874.09659,2710.0
Estonia,EST,2000,0.6,1902.60055,13.0
France,FRA,2000,2.09346,2902.95091,13870.0
United Kingdom,GBR,2000,1.60963,2893.37563,22050.0
High income,HIC,2000,2.29178280997533,3075.64508138173,804200.0
"Hong Kong SAR, China",HKG,2000,0.46493,1160.05084,51.0
Croatia,HRV,2000,1.0425,1554.71759,337.0
Hungary,HUN,2000,0.79096,1411.99814,810.0
Indonesia,IDN,2000,0.06769,209.65817,157.0
India,IND,2000,0.75699,110.62568,2206.0
Italy,ITA,2000,1.00364,1154.70198,7877.0
Japan,JPN,2000,2.85841,5102.41299,387364.0
"Korea, Rep.",KOR,2000,2.12519,2324.08478,72831.0
Latin America & Caribbean,LCN,2000,0.55768548066503,298.460538992096,5272.0
Sri Lanka,LKA,2000,0.14392,132.70514,71.0
Lithuania,LTU,2000,0.58553,2215.11542,66.0
Luxembourg,LUX,2000,1.58314,3800.20738,85.0
Latvia,LVA,2000,0.43483,1600.9967,98.0
Madagascar,MDG,2000,0.10032,14.76191,7.0
Mexico,MEX,2000,0.29205,227.09051,431.0
North Macedonia,MKD,2000,0.41888,645.46332,71.0
Malaysia,MYS,2000,0.46899,282.98354,206.0
North America,NAC,2000,2.56826146539229,3490.0542408194,168982.0
Netherlands,NLD,2000,1.7898,2637.93221,2465.0
Panama,PAN,2000,0.36264,95.9425,7.0
Poland,POL,2000,0.64078,1441.97757,2404.0
Portugal,PRT,2000,0.72156,1633.81566,81.0
Romania,ROU,2000,0.36626,926.23746,1003.0
Russian Federation,RUS,2000,1.04983,3446.16801,23377.0
South Asia,SAS,2000,0.736011405769646,111.021125572941,2393.0
Singapore,SGP,2000,1.81699,4167.62655,516.0
Slovak Republic,SVK,2000,0.63807,1850.51312,236.0
Slovenia,SVN,2000,1.35982,2183.7261,307.0
Turkiye,TUR,2000,0.46558,355.04829,277.0
Upper middle income,UMC,2000,0.63137398743174,463.636602751412,60000.0
Uruguay,URY,2000,0.20925,282.62753,44.0
United States,USA,2000,2.61983,3487.83262,164795.0
Uzbekistan,UZB,2000,0.36063,665.80742,755.0
World,WLD,2000,2.04573676067332,1076.26394147649,874800.0
Argentina,ARG,2001,0.42461,685.59721,691.0
Belgium,BEL,2001,2.03279,3140.73254,571.0
Bulgaria,BGR,2001,0.44709,1157.05434,283.0
Brazil,BRA,2001,1.06198,341.27926,3439.0
Canada,CAN,2001,2.02117,3688.26825,3963.0
China,CHN,2001,0.94033,582.78825,30038.0
Czechia,CZE,2001,1.09871,1465.05243,568.0
Germany,DEU,2001,2.40437,3230.26868,49989.0
Denmark,DNK,2001,2.32466,3636.56281,1757.0
East Asia & Pacific,EAS,2001,2.27732981766751,910.541777717813,496382.0
Europe & Central Asia,ECS,2001,1.71907494289934,2330.85842484525,200690.0
Ecuador,ECU,2001,0.05448,40.16034,7.0
Spain,ESP,2001,0.88833,1947.04358,2528.0
Estonia,EST,2001,0.69839,1924.96306,18.0
France,FRA,2001,2.13804,2971.39049,13499.0
United Kingdom,GBR,2001,1.59545,3078.40932,21423.0
Greece,GRC,2001,0.55948,1329.34234,385.0
High income,HIC,2001,2.32406387645219,3154.07013640274,816900.0
"Hong Kong SAR, China",HKG,2001,0.53645,1355.89935,74.0
Croatia,HRV,2001,0.91762,1549.19173,362.0
Hungary,HUN,2001,0.9131,1440.86103,919.0
Indonesia,IDN,2001,0.04756,196.3356,212.0
Iceland,ISL,2001,2.83989,6560.18798,49.0
Japan,JPN,2001,2.92348,5136.2064,386767.0
"Korea, Rep.",KOR,2001,2.27865,2906.71111,73714.0
Latin America & Caribbean,LCN,2001,0.531166115066444,308.037555218886,5155.0
Lithuania,LTU,2001,0.66762,2313.80264,68.0
Latvia,LVA,2001,0.40263,1485.32998,117.0
Mexico,MEX,2001,0.30815,235.3859,534.0
North Macedonia,MKD,2001,0.2931,601.44074,66.0
North America,NAC,2001,2.59694140003108,3544.87528291696,181476.0
Netherlands,NLD,2001,1.79609,2828.29837,2110.0
Norway,NOR,2001,1.5602,4371.19907,1189.0
New Zealand,NZL,2001,1.10029,2669.46316,1768.0
Poland,POL,2001,0.62159,1467.79064,2202.0
Portugal,PRT,2001,0.76482,1717.30179,107.0
Paraguay,PRY,2001,0.06699,93.41644,12.0
Romania,ROU,2001,0.39129,897.21217,1128.0
Russian Federation,RUS,2001,1.17694,3452.78814,24777.0
Singapore,SGP,2001,2.0093,4103.63436,524.0
Slovak Republic,SVK,2001,0.62465,1781.46308,246.0
Slovenia,SVN,2001,1.46767,2262.53562,301.0
Sweden,SWE,2001,3.8738,5177.98913,3926.0
Thailand,THA,2001,0.25231,279.59954,534.0
Turkiye,TUR,2001,0.52247,344.81485,337.0
Upper middle income,UMC,2001,0.640780254060891,474.739957559867,66900.0
United States,USA,2001,2.63715,3529.26596,177513.0
Uzbekistan,UZB,2001,0.34544,618.85551,803.0
South Africa,ZAF,2001,0.64224,299.48395,966.0
Argentina,ARG,2002,0.38886,689.51093,718.0
Australia,AUS,2002,1.74654,3755.80266,2364.0
Austria,AUT,2002,2.06598,2992.22105,1932.0
Belgium,BEL,2002,1.90325,2974.5959,601.0
Bulgaria,BGR,2002,0.46473,1168.80197,289.0
Brazil,BRA,2002,1.00968,403.16475,3481.0
Canada,CAN,2002,1.97171,3695.33994,3959.0
China,CHN,2002,1.05786,631.73478,39806.0
Czechia,CZE,2002,1.09819,1463.13284,526.0
Germany,DEU,2002,2.43622,3240.75467,47598.0
Denmark,DNK,2002,2.44145,4758.77798,1815.0
East Asia & Pacific,EAS,2002,2.24274721477805,978.439383939929,492283.0
Europe & Central Asia,ECS,2002,1.69563023191135,2339.59243333508,190235.0
Ecuador,ECU,2002,0.0584,42.23367,13.0
Spain,ESP,2002,0.95971,2014.3626,2763.0
Estonia,EST,2002,0.71203,2210.91668,19.0
France,FRA,2002,2.17449,3100.95366,13519.0
United Kingdom,GBR,2002,1.61383,3335.62719,20624.0
High income,HIC,2002,2.26513628543696,3166.1510428792,805800.0
"Hong Kong SAR, China",HKG,2002,0.58147,1564.3458,112.0
Croatia,HRV,2002,0.94087,1990.8424,328.0
Hungary,HUN,2002,0.98355,1473.69545,842.0
Japan,JPN,2002,2.96514,4891.16889,369458.0
"Korea, Rep.",KOR,2002,2.20774,3007.81714,76570.0
Latin America & Caribbean,LCN,2002,0.515499326115108,357.673708656542,5387.0
Lithuania,LTU,2002,0.65755,1830.39639,85.0
Latvia,LVA,2002,0.40843,1486.06326,150.0
Madagascar,MDG,2002,0.20173,45.57217,4.0
Mexico,MEX,2002,0.33745,308.76297,526.0
North Macedonia,MKD,2002,0.24461,562.07826,42.0
Malta,MLT,2002,0.2502,672.92087,22.0
Malaysia,MYS,2002,0.65254,300.56079,322.0
North America,NAC,2002,2.50998677048489,3588.62227353779,188204.0
Netherlands,NLD,2002,1.74543,2701.16441,2122.0
Philippines,PHL,2002,0.13263,53.17147,149.0
Poland,POL,2002,0.55675,1483.34389,2313.0
Portugal,PRT,2002,0.72183,1827.5988,130.0
Paraguay,PRY,2002,0.07493,87.04033,11.0
Romania,ROU,2002,0.37721,928.25307,1478.0
Russian Federation,RUS,2002,1.24652,3375.24439,23712.0
Singapore,SGP,2002,2.03282,4363.37967,624.0
Slovak Republic,SVK,2002,0.56314,1706.99261,259.0
Slovenia,SVN,2002,1.44325,2331.11354,300.0
Turkiye,TUR,2002,0.50904,360.00407,414.0
Upper middle income,UMC,2002,0.718971313662552,568.25212500713,76000.0
Uruguay,URY,2002,0.23818,378.96957,30.0
United States,USA,2002,2.54745,3576.98706,184245.0
Uzbekistan,UZB,2002,0.29356,635.0763,715.0
Viet Nam,VNM,2002,0.19273,119.01999,69.0
Argentina,ARG,2003,0.41013,715.84326,792.0
Belgium,BEL,2003,1.84119,2985.44684,519.0
Bulgaria,BGR,2003,0.47222,1224.19554,278.0
Bosnia and Herzegovina,BIH,2003,0.01826,55.34689,32.0
Brazil,BRA,2003,0.99939,428.48507,3866.0
Canada,CAN,2003,1.96781,3888.4744,3929.0
China,CHN,2003,1.12037,667.9285,56769.0
Costa Rica,CRI,2003,0.3619,133.40471,33.0
Cyprus,CYP,2003,0.31834,686.54374,12.0
Czechia,CZE,2003,1.1421,1543.13456,625.0
Germany,DEU,2003,2.47461,3275.18656,47818.0
Denmark,DNK,2003,2.51085,4621.86049,1772.0
East Asia & Pacific,EAS,2003,2.32503774514453,1065.63443378871,512027.0
Europe & Central Asia,ECS,2003,1.72105760672388,2399.19395134292,196039.0
Ecuador,ECU,2003,0.06007,48.66397,7.0
Spain,ESP,2003,1.02373,2195.10581,2813.0
Estonia,EST,2003,0.76465,2193.7335,18.0
France,FRA,2003,2.11994,3184.63585,13511.0
United Kingdom,GBR,2003,1.58131,3631.25708,20426.0
Greece,GRC,2003,0.54654,1433.39172,393.0
High income,HIC,2003,2.23553629692652,3278.62344434436,821000.0
"Hong Kong SAR, China",HKG,2003,0.68027,1972.70024,107.0
Croatia,HRV,2003,0.94069,1361.17206,387.0
Hungary,HUN,2003,0.91883,1499.67591,756.0
Iceland,ISL,2003,2.7055,6643.65474,57.0
Japan,JPN,2003,2.9932,5113.02549,358184.0
"Korea, Rep.",KOR,2003,2.27722,3189.96825,90313.0
Latin America & Caribbean,LCN,2003,0.551250258098545,382.764632435085,5786.0
Lithuania,LTU,2003,0.66413,1924.81452,64.0
Luxembourg,LUX,2003,1.6235,4345.49954,16.0
Latvia,LVA,2003,0.3593,1392.33083,91.0
Moldova,MDA,2003,0.32405,756.43007,293.0
Madagascar,MDG,2003,0.2907,45.70833,3.0
Mexico,MEX,2003,0.37454,328.13432,468.0
North Macedonia,MKD,2003,0.21064,537.99609,48.0
North America,NAC,2003,2.50792931743028,3789.80023355823,192870.0
Netherlands,NLD,2003,1.7839,2681.97594,2288.0
Norway,NOR,2003,1.67572,4513.7416,1079.0
New Zealand,NZL,2003,1.14891,3100.17298,1845.0
Philippines,PHL,2003,0.12527,69.84969,141.0
Poland,POL,2003,0.53806,1533.19754,2268.0
Portugal,PRT,2003,0.69802,1939.08763,125.0
Paraguay,PRY,2003,0.06135,86.56907,12.0
Romania,ROU,2003,0.39708,966.74922,881.0
Russian Federation,RUS,2003,1.28603,3335.95046,24969.0
Singapore,SGP,2003,1.99679,4835.52476,626.0
Slovak Republic,SVK,2003,0.56145,1790.43354,210.0
Slovenia,SVN,2003,1.24792,1895.25158,310.0
Sweden,SWE,2003,3.57948,5389.38189,3025.0
Thailand,THA,2003,0.24534,280.52762,802.0
Turkiye,TUR,2003,0.46532,484.24236,489.0
Upper middle income,UMC,2003,0.757730968641074,587.614458768993,95600.0
United States,USA,2003,2.55015,3779.03771,188941.0
Uzbekistan,UZB,2003,0.26825,592.78249,931.0
South Africa,ZAF,2003,0.6765,292.80758,922.0
Argentina,ARG,2004,0.40376,763.13901,786.0
Australia,AUS,2004,1.84802,4073.65927,2559.0
Austria,AUT,2004,2.16612,3186.95396,2248.0
Belgium,BEL,2004,1.8205,3116.44787,514.0
Bulgaria,BGR,2004,0.47086,1263.77329,263.0
Bosnia and Herzegovina,BIH,2004,0.0159,57.25219,50.0
Brazil,BRA,2004,0.96343,489.27106,4044.0
Canada,CAN,2004,1.99734,4076.68444,5231.0
Switzerland,CHE,2004,2.60818,3451.74588,1742.0
China,CHN,2004,1.21498,713.42588,65786.0
Costa Rica,CRI,2004,0.37288,110.07807,26.0
Cyprus,CYP,2004,0.33564,806.48173,9.0
Czechia,CZE,2004,1.13935,1589.73189,623.0
Germany,DEU,2004,2.43519,3290.96185,48448.0
Denmark,DNK,2004,2.41916,4847.79783,1877.0
East Asia & Pacific,EAS,2004,2.31143275351374,1220.68347119439,546382.0
Europe & Central Asia,ECS,2004,1.69618269506152,2518.30559059584,199480.0
Spain,ESP,2004,1.04089,2356.18397,2871.0
Estonia,EST,2004,0.84584,2465.56876,27.0
Finland,FIN,2004,3.30907,7855.56192,2011.0
France,FRA,2004,2.09461,3320.66694,14230.0
United Kingdom,GBR,2004,1.53089,3818.23524,19178.0
High income,HIC,2004,2.18105982466653,3337.5975573945,851300.0
"Hong Kong SAR, China",HKG,2004,0.72176,2122.33356,127.0
Croatia,HRV,2004,1.02002,1657.56476,385.0
Hungary,HUN,2004,0.8599,1476.26637,748.0
Japan,JPN,2004,2.98125,5117.27802,368416.0
"Korea, Rep.",KOR,2004,2.44214,3281.04385,105250.0
Sri Lanka,LKA,2004,0.1821,133.79126,120.0
Lithuania,LTU,2004,0.7514,2164.46077,70.0
Luxembourg,LUX,2004,1.58819,4461.66893,23.0
Latvia,LVA,2004,0.3984,1459.48929,108.0
Monaco,MCO,2004,0.03787,278.23291,7.0
Moldova,MDA,2004,0.34903,755.38437,297.0
Madagascar,MDG,2004,0.1926,46.25,16.0
Mexico,MEX,2004,0.37053,383.11111,565.0
North Macedonia,MKD,2004,0.23237,512.77378,44.0
Malaysia,MYS,2004,0.5999,507.42811,522.0
North America,NAC,2004,2.44891150793873,3680.3695172631,194767.0
Netherlands,NLD,2004,1.78901,2951.21244,2187.0
Norway,NOR,2004,1.53975,4514.09712,1142.0
Poland,POL,2004,0.5525,1595.82994,2381.0
Portugal,PRT,2004,0.7293,1975.6442,123.0
Paraguay,PRY,2004,0.06066,92.40942,18.0
Romania,ROU,2004,0.38942,988.65988,937.0
Russian Federation,RUS,2004,1.15133,3283.69795,22985.0
Singapore,SGP,2004,2.07859,5164.84335,641.0
Slovak Republic,SVK,2004,0.50069,1993.83051,215.0
Slovenia,SVN,2004,1.37026,2021.91495,342.0
Sweden,SWE,2004,3.36129,5434.9691,2768.0
Turkiye,TUR,2004,0.49713,496.59332,682.0
Upper middle income,UMC,2004,0.791335566424341,647.741632653206,104800.0
United States,USA,2004,2.48686,3637.14002,189536.0
Uzbekistan,UZB,2004,0.27041,583.10334,273.0
South Africa,ZAF,2004,0.72681,367.54743,956.0
Argentina,ARG,2005,0.42074,816.8412,1054.0
Austria,AUT,2005,2.37324,3470.7262,2270.0
Belgium,BEL,2005,1.79061,3173.07923,517.0
Bulgaria,BGR,2005,0.44269,1301.70634,261.0
Bosnia and Herzegovina,BIH,2005,0.02697,61.48538,66.0
Brazil,BRA,2005,1.00246,515.766,4054.0
Canada,CAN,2005,1.97127,4234.36344,5183.0
China,CHN,2005,1.30792,856.65892,93485.0
Cyprus,CYP,2005,0.36727,930.33788,20.0
Czechia,CZE,2005,1.161,2353.41029,586.0
Germany,DEU,2005,2.44193,3315.75626,48367.0
Denmark,DNK,2005,2.39337,5207.24681,1658.0
Algeria,DZA,2005,0.06367,170.18968,59.0
East Asia & Pacific,EAS,2005,2.39353265085718,1249.43827056641,596811.0
Europe & Central Asia,ECS,2005,1.65131109968889,2570.083702912,200131.0
Spain,ESP,2005,1.09956,2516.19827,3040.0
Estonia,EST,2005,0.91705,2451.18781,23.0
Ethiopia,ETH,2005,0.17917,20.82551,1.0
Finland,FIN,2005,3.3237,7558.69966,1830.0
France,FRA,2005,2.05151,3297.84746,14327.0
United Kingdom,GBR,2005,1.55004,4117.74512,17833.0
Greece,GRC,2005,0.57896,1787.19397,462.0
Guatemala,GTM,2005,0.03556,29.96244,17.0
High income,HIC,2005,2.18926001105738,3383.09718991529,886700.0
"Hong Kong SAR, China",HKG,2005,0.77343,2612.0206,156.0
Croatia,HRV,2005,0.84776,1327.97321,363.0
Hungary,HUN,2005,0.91951,1575.84829,705.0
India,IND,2005,0.82411,135.14649,4721.0
Iceland,ISL,2005,2.67969,7337.75322,47.0
Japan,JPN,2005,3.13092,5322.47485,367960.0
"Korea, Rep.",KOR,2005,2.5229,3763.23464,122188.0
Latin America & Caribbean,LCN,2005,0.582472196125068,461.238916110719,6517.0
Lithuania,LTU,2005,0.74821,2276.39834,68.0
Luxembourg,LUX,2005,1.55873,4826.35315,24.0
Latvia,LVA,2005,0.52707,1458.12295,112.0
"Macao SAR, China",MAC,2005,0.0876,608.64833,3.0
Monaco,MCO,2005,0.03821,309.90455,2.0
Moldova,MDA,2005,0.39865,717.41311,377.0
Madagascar,MDG,2005,0.15096,46.56194,7.0
Mexico,MEX,2005,0.38103,417.90546,584.0
North Macedonia,MKD,2005,0.22825,532.93852,53.0
North America,NAC,2005,2.45812840084043,3626.59330932403,213050.0
Netherlands,NLD,2005,1.77388,2908.98454,2217.0
Norway,NOR,2005,1.47715,4602.55542,1143.0
New Zealand,NZL,2005,1.12043,3159.23406,1893.0
Pakistan,PAK,2005,0.32946,73.17722,143.0
Philippines,PHL,2005,0.10692,79.06465,210.0
Poland,POL,2005,0.56278,1629.60294,2028.0
Portugal,PRT,2005,0.75755,2013.3272,158.0
Paraguay,PRY,2005,0.06091,77.36216,24.0
Romania,ROU,2005,0.41262,1077.55642,916.0
Russian Federation,RUS,2005,1.06797,3206.1882,23644.0
South Asia,SAS,2005,0.82411,135.14649,5063.0
Singapore,SGP,2005,2.14806,5650.62317,569.0
Slovak Republic,SVK,2005,0.49332,2031.13681,155.0
Slovenia,SVN,2005,1.41778,2634.49569,344.0
Sweden,SWE,2005,3.35958,6103.30894,2522.0
Thailand,THA,2005,0.21889,311.93079,891.0
Turkiye,TUR,2005,0.56381,567.50023,928.0
Upper middle income,UMC,2005,0.856554264708999,732.08513256127,135300.0
United States,USA,2005,2.50193,3560.28174,207867.0
Uzbekistan,UZB,2005,0.23741,638.4791,264.0
"Venezuela, RB",VEN,2005,0.18907,122.2736,121.0
World,WLD,2005,1.9513361774484,1190.14252936741,1038800.0
South Africa,ZAF,2005,0.77024,351.38625,1003.0
Argentina,ARG,2006,0.45216,888.89168,1020.0
Australia,AUS,2006,2.17862,4269.01789,2837.0
Austria,AUT,2006,2.35923,3536.82275,2271.0
Belgium,BEL,2006,1.82269,3318.08595,490.0
Bulgaria,BGR,2006,0.44216,1348.08734,243.0
Bosnia and Herzegovina,BIH,2006,0.01969,164.44144,55.0
Brazil,BRA,2006,0.98807,550.49741,3956.0
Canada,CAN,2006,1.94304,4315.13916,5522.0
China,CHN,2006,1.36854,931.20148,122318.0
Czechia,CZE,2006,1.22542,2552.57872,641.0
Germany,DEU,2006,2.47232,3411.78697,48012.0
Denmark,DNK,2006,2.403,5314.72934,1503.0
East Asia & Pacific,EAS,2006,2.39454977708492,1454.3677983571,609378.0
Europe & Central Asia,ECS,2006,1.65946325152854,2561.3297482136,205797.0
Ecuador,ECU,2006,0.13176,70.53158,8.0
Spain,ESP,2006,1.17702,2613.24064,3111.0
Estonia,EST,2006,1.11277,2600.75424,36.0
Finland,FIN,2006,3.33216,7689.18984,1816.0
France,FRA,2006,2.05094,3405.181,14529.0
United Kingdom,GBR,2006,1.57626,4176.43751,17484.0
Greece,GRC,2006,0.56118,1809.7524,532.0
Guatemala,GTM,2006,0.0501,24.57335,28.0
High income,HIC,2006,2.20991448341739,3481.78170954892,886500.0
"Hong Kong SAR, China",HKG,2006,0.79468,2649.43577,172.0
Croatia,HRV,2006,0.73211,1338.95518,317.0
Hungary,HUN,2006,0.9774,1745.00319,718.0
"Iran, Islamic Rep.",IRN,2006,0.55921,695.93817,5970.0
Iceland,ISL,2006,2.85266,7999.30666,45.0
Japan,JPN,2006,3.22766,5352.83117,347060.0
"Korea, Rep.",KOR,2006,2.71934,4173.2456,125476.0
Latin America & Caribbean,LCN,2006,0.582136814768682,460.120148480415,6364.0
Sri Lanka,LKA,2006,0.1742,90.37763,153.0
Lithuania,LTU,2006,0.79204,2425.77892,65.0
Luxembourg,LUX,2006,1.64886,4377.13881,26.0
Latvia,LVA,2006,0.64691,1765.58108,114.0
Morocco,MAR,2006,0.54987,653.41079,178.0
Moldova,MDA,2006,0.40622,698.34114,303.0
Madagascar,MDG,2006,0.14119,46.24168,4.0
Mexico,MEX,2006,0.35298,340.43454,574.0
North Macedonia,MKD,2006,0.19373,507.84433,55.0
Mozambique,MOZ,2006,0.3977,16.40562,1.0
Malaysia,MYS,2006,0.61106,371.05001,531.0
North America,NAC,2006,2.49293952109511,3667.27437112598,227306.0
Netherlands,NLD,2006,1.74067,3224.9245,2168.0
Norway,NOR,2006,1.44972,4866.24486,1119.0
Poland,POL,2006,0.55102,1563.45879,2157.0
Portugal,PRT,2006,0.95448,2344.86601,184.0
Romania,ROU,2006,0.45682,900.56598,814.0
Russian Federation,RUS,2006,1.07294,3218.09388,27884.0
Singapore,SGP,2006,2.11656,5785.80782,626.0
Slovak Republic,SVK,2006,0.47488,2190.13371,193.0
Slovenia,SVN,2006,1.53705,2928.65083,287.0
Sweden,SWE,2006,3.475,6159.34885,2446.0
Turkiye,TUR,2006,0.55292,612.17385,1072.0
Ukraine,UKR,2006,0.91403,1451.9222,3474.0
Upper middle income,UMC,2006,0.888647965417875,816.908076322553,170400.0
United States,USA,2006,2.54545,3596.55336,221784.0
Uzbekistan,UZB,2006,0.22395,571.67593,323.0
"Venezuela, RB",VEN,2006,0.31742,147.25143,101.0
South Africa,ZAF,2006,0.80291,373.41244,866.0
Argentina,ARG,2007,0.46007,971.29008,937.0
Austria,AUT,2007,2.41843,3823.63127,2385.0
Belgium,BEL,2007,1.84999,3431.0838,454.0
Bulgaria,BGR,2007,0.43003,1471.47888,211.0
Brazil,BRA,2007,1.08138,562.55469,4194.0
Canada,CAN,2007,1.90358,4596.69506,4998.0
Chile,CHL,2007,0.31143,334.61639,403.0
China,CHN,2007,1.37369,1076.73747,153060.0
Cyprus,CYP,2007,0.40007,1054.20653,3.0
Czechia,CZE,2007,1.29572,2701.68545,716.0
Germany,DEU,2007,2.46048,3573.67338,47853.0
Denmark,DNK,2007,2.51541,5539.33467,1660.0
East Asia & Pacific,EAS,2007,2.34636789993577,1449.07380228845,629917.0
Europe & Central Asia,ECS,2007,1.66047420443879,2561.2208367634,219661.0
Ecuador,ECU,2007,0.13501,65.03887,4.0
"Egypt, Arab Rep.",EGY,2007,0.2551,591.25817,516.0
Spain,ESP,2007,1.24053,2720.22197,3267.0
Estonia,EST,2007,1.05874,2747.58209,44.0
Ethiopia,ETH,2007,0.17089,19.72278,12.0
Finland,FIN,2007,3.33704,7390.55027,1804.0
France,FRA,2007,2.02451,3563.56539,14722.0
United Kingdom,GBR,2007,1.6183,4122.71329,17375.0
Greece,GRC,2007,0.57655,1904.75068,575.0
Guatemala,GTM,2007,0.06782,34.56902,9.0
High income,HIC,2007,2.20579933259752,3470.96090982342,898400.0
"Hong Kong SAR, China",HKG,2007,0.75161,2815.15829,160.0
Croatia,HRV,2007,0.78299,1419.96782,344.0
Hungary,HUN,2007,0.95445,1731.42684,689.0
Iceland,ISL,2007,2.53294,7175.58294,61.0
Italy,ITA,2007,1.12899,1579.89282,9255.0
Japan,JPN,2007,3.29257,5344.2381,333498.0
Kazakhstan,KAZ,2007,0.20884,394.65661,1633.0
Kenya,KEN,2007,0.35521,56.1911,41.0
"Korea, Rep.",KOR,2007,2.87258,4614.74679,128701.0
Latin America & Caribbean,LCN,2007,0.619154339858122,472.649084503284,6606.0
Lithuania,LTU,2007,0.80174,2605.27005,62.0
Luxembourg,LUX,2007,1.57165,4618.93667,15.0
Latvia,LVA,2007,0.55107,1881.56079,139.0
"Macao SAR, China",MAC,2007,0.05684,379.66089,1.0
Moldova,MDA,2007,0.54557,723.79793,333.0
Madagascar,MDG,2007,0.12091,46.80207,9.0
Mexico,MEX,2007,0.38039,351.25363,629.0
North Macedonia,MKD,2007,0.17093,497.29935,105.0
Malta,MLT,2007,0.5454,1181.74634,10.0
North America,NAC,2007,2.54858897207152,3646.94071825939,246345.0
Netherlands,NLD,2007,1.6703,3093.10821,2079.0
Norway,NOR,2007,1.55794,5202.07257,1225.0
New Zealand,NZL,2007,1.15764,3472.58808,1892.0
Pakistan,PAK,2007,0.52343,144.82577,109.0
Philippines,PHL,2007,0.10498,77.12363,225.0
Poland,POL,2007,0.56193,1614.00137,2392.0
Portugal,PRT,2007,1.12417,2674.3872,250.0
Romania,ROU,2007,0.51148,897.74358,827.0
Russian Federation,RUS,2007,1.11611,3259.50421,27505.0
Singapore,SGP,2007,2.31986,6083.98319,696.0
Serbia,SRB,2007,0.57877,1190.39138,395.0
Slovak Republic,SVK,2007,0.44746,2297.64491,239.0
Slovenia,SVN,2007,1.42703,3115.13903,331.0
Sweden,SWE,2007,3.23383,5026.89783,2527.0
Thailand,THA,2007,0.2008,320.05038,945.0
Tunisia,TUN,2007,0.6654,1078.62762,76.0
Turkiye,TUR,2007,0.68616,705.52013,1810.0
Ukraine,UKR,2007,0.81869,1430.03134,3440.0
Upper middle income,UMC,2007,0.946915132282692,904.920794823043,207000.0
United States,USA,2007,2.61516,3543.24508,241347.0
Uzbekistan,UZB,2007,0.21721,563.73574,324.0
"Venezuela, RB",VEN,2007,0.2011,164.09665,63.0
South Africa,ZAF,2007,0.79364,384.41697,915.0
Argentina,ARG,2008,0.47055,1032.67483,801.0
Australia,AUS,2008,2.39898,4379.63519,2821.0
Austria,AUT,2008,2.56945,4152.75477,2298.0
Belgium,BEL,2008,1.93684,3447.86531,575.0
Bulgaria,BGR,2008,0.44731,1505.75099,249.0
Brazil,BRA,2008,1.12904,598.65285,4280.0
Canada,CAN,2008,1.85578,4725.99112,5061.0
Switzerland,CHE,2008,2.65296,3313.52642,1594.0
Chile,CHL,2008,0.37492,355.67666,531.0
China,CHN,2008,1.44592,1197.58885,194579.0
Costa Rica,CRI,2008,0.38593,264.17779,24.0
Cyprus,CYP,2008,0.38594,1038.21427,11.0
Czechia,CZE,2008,1.23358,2876.01839,712.0
Germany,DEU,2008,2.61513,3726.67445,49240.0
Denmark,DNK,2008,2.77346,6519.6824,1634.0
East Asia & Pacific,EAS,2008,2.34899778426741,1688.80907190376,659377.0
Europe & Central Asia,ECS,2008,1.72248059705499,2631.5115134014,224231.0
Ecuador,ECU,2008,0.23011,103.21122,2.0
"Egypt, Arab Rep.",EGY,2008,0.27024,410.61485,481.0
Spain,ESP,2008,1.325,2850.35985,3632.0
Estonia,EST,2008,1.25188,2972.93057,62.0
Finland,FIN,2008,3.53697,7712.31606,1799.0
France,FRA,2008,2.06117,3636.48425,14658.0
United Kingdom,GBR,2008,1.60901,4077.28663,16523.0
Guatemala,GTM,2008,0.0629,39.14498,5.0
High income,HIC,2008,2.27037464024375,3534.47350175068,888200.0
"Hong Kong SAR, China",HKG,2008,0.71996,2636.81534,173.0
Croatia,HRV,2008,0.87568,1551.807,330.0
Hungary,HUN,2008,0.97757,1845.99803,683.0
"Iran, Islamic Rep.",IRN,2008,0.64647,723.09305,15403.0
Iceland,ISL,2008,2.46414,7313.20175,50.0
Italy,ITA,2008,1.15972,1613.51417,8588.0
Japan,JPN,2008,3.29224,5125.12165,330110.0
Kazakhstan,KAZ,2008,0.21654,365.52061,1483.0
"Korea, Rep.",KOR,2008,2.98887,4892.49313,127114.0
Latin America & Caribbean,LCN,2008,0.666047345320351,487.923131125271,6676.0
Sri Lanka,LKA,2008,0.11444,95.90583,201.0
Lithuania,LTU,2008,0.78932,2624.8157,87.0
Luxembourg,LUX,2008,1.54663,4725.37233,48.0
Latvia,LVA,2008,0.5772,1993.41671,206.0
"Macao SAR, China",MAC,2008,0.10106,378.38481,3.0
Moldova,MDA,2008,0.53463,820.94705,273.0
Madagascar,MDG,2008,0.11764,45.1091,14.0
Mexico,MEX,2008,0.42416,343.53328,685.0
North Macedonia,MKD,2008,0.22358,466.13087,34.0
Malta,MLT,2008,0.52667,1294.07262,14.0
Mozambique,MOZ,2008,0.13607,20.60081,2.0
Malaysia,MYS,2008,0.78847,598.97222,818.0
North America,NAC,2008,2.65916076705924,3772.80404210971,236649.0
Netherlands,NLD,2008,1.62269,3063.96158,2421.0
Norway,NOR,2008,1.54556,5399.5311,1150.0
Poland,POL,2008,0.59944,1626.3818,2488.0
Portugal,PRT,2008,1.44335,3827.16557,381.0
Paraguay,PRY,2008,0.04113,83.42281,13.0
Romania,ROU,2008,0.55215,932.80168,995.0
Russian Federation,RUS,2008,1.04435,3137.57879,27712.0
Singapore,SGP,2008,2.59674,5916.30242,793.0
Serbia,SRB,2008,0.66966,1354.72005,386.0
Slovak Republic,SVK,2008,0.46137,2340.90823,167.0
Slovenia,SVN,2008,1.62673,3477.77233,301.0
Sweden,SWE,2008,3.46999,5468.69683,2549.0
Tunisia,TUN,2008,0.63933,1208.60937,76.0
Turkiye,TUR,2008,0.68741,742.74528,2221.0
Ukraine,UKR,2008,0.80991,1404.84115,2825.0
Upper middle income,UMC,2008,0.996671179692979,995.176494901626,253900.0
Uruguay,URY,2008,0.37441,433.22906,33.0
United States,USA,2008,2.74481,3668.58989,231588.0
Uzbekistan,UZB,2008,0.19354,587.88058,262.0
"Venezuela, RB",VEN,2008,0.23803,188.85344,51.0
South Africa,ZAF,2008,0.80567,381.59248,860.0
Zambia,ZMB,2008,0.27819,41.90146,26.0
Argentina,ARG,2009,0.58398,1031.64133,640.0
Austria,AUT,2009,2.59674,4157.93027,2263.0
Belgium,BEL,2009,1.9986,3554.67756,669.0
Bulgaria,BGR,2009,0.49338,1593.43114,242.0
Brazil,BRA,2009,1.11866,634.14103,4271.0
Canada,CAN,2009,1.91742,4466.14043,5067.0
Chile,CHL,2009,0.35403,287.11073,343.0
China,CHN,2009,1.6648,861.24883,229096.0
Costa Rica,CRI,2009,0.51718,343.38493,16.0
Cyprus,CYP,2009,0.44437,1095.4538,6.0
Czechia,CZE,2009,1.28656,2765.27088,789.0
Germany,DEU,2009,2.74266,3916.78276,47859.0
Denmark,DNK,2009,3.05514,6674.9003,1518.0
East Asia & Pacific,EAS,2009,2.24742572897725,1121.5524251653,667812.0
Europe & Central Asia,ECS,2009,1.81402538867088,2653.3461413523,217062.0
Ecuador,ECU,2009,0.41055,118.28189,6.0
"Egypt, Arab Rep.",EGY,2009,0.43312,405.67613,490.0
Spain,ESP,2009,1.36364,2876.51477,3596.0
Estonia,EST,2009,1.39679,3229.67528,76.0
Finland,FIN,2009,3.73402,7669.28354,1806.0
France,FRA,2009,2.21207,3722.99987,14100.0
United Kingdom,GBR,2009,1.66991,4113.41572,15985.0
Guatemala,GTM,2009,0.0562,39.35924,7.0
High income,HIC,2009,2.3503548150272,3565.79823164463,841600.0
"Hong Kong SAR, China",HKG,2009,0.77342,2737.39051,149.0
Croatia,HRV,2009,0.83304,1606.76105,250.0
Hungary,HUN,2009,1.12802,2004.50214,757.0
Indonesia,IDN,2009,0.08332,88.33347,415.0
"Iran, Islamic Rep.",IRN,2009,0.27258,687.77269,12184.0
Iceland,ISL,2009,2.59713,7841.17942,64.0
Italy,ITA,2009,1.21787,1703.84695,8814.0
Japan,JPN,2009,3.1959,5114.01193,295315.0
Kazakhstan,KAZ,2009,0.22924,338.66777,1513.0
"Korea, Rep.",KOR,2009,3.14669,5037.92837,127316.0
Latin America & Caribbean,LCN,2009,0.692113450759657,510.263368127076,6468.0
Lithuania,LTU,2009,0.83084,2666.31995,91.0
Luxembourg,LUX,2009,1.58839,4852.27924,60.0
Latvia,LVA,2009,0.44858,1673.90361,240.0
"Macao SAR, China",MAC,2009,0.05407,552.53708,1.0
Moldova,MDA,2009,0.52557,801.95946,134.0
Madagascar,MDG,2009,0.13054,43.80387,1.0
Mexico,MEX,2009,0.45748,386.49816,822.0
North Macedonia,MKD,2009,0.19679,432.44594,39.0
Malta,MLT,2009,0.50739,1176.53223,8.0
Malaysia,MYS,2009,1.01001,1063.03522,1234.0
North America,NAC,2009,2.71492618411278,3857.19537799373,229979.0
Netherlands,NLD,2009,1.6657,2822.24977,2575.0
Norway,NOR,2009,1.71678,5474.54077,1246.0
New Zealand,NZL,2009,1.25214,3760.38719,1555.0
Philippines,PHL,2009,0.10901,80.30929,172.0
Poland,POL,2009,0.66106,1608.44328,2899.0
Portugal,PRT,2009,1.58001,3768.61566,571.0
Romania,ROU,2009,0.44395,933.38509,1054.0
Russian Federation,RUS,2009,1.25192,3075.23481,25598.0
Singapore,SGP,2009,2.1279,6219.94574,750.0
Serbia,SRB,2009,0.8173,1423.86226,319.0
Slovak Republic,SVK,2009,0.47272,2469.7369,176.0
Slovenia,SVN,2009,1.81184,3671.25911,373.0
Sweden,SWE,2009,3.39528,5110.718,2186.0
Thailand,THA,2009,0.23455,324.12834,1025.0
Tunisia,TUN,2009,0.70644,1480.83462,105.0
Turkiye,TUR,2009,0.80362,801.95239,2555.0
Ukraine,UKR,2009,0.82596,1324.32376,2434.0
Upper middle income,UMC,2009,1.10094752175673,703.299319497803,284200.0
Uruguay,URY,2009,0.40239,565.96314,30.0
United States,USA,2009,2.79181,3790.4393,224912.0
Uzbekistan,UZB,2009,0.20315,580.2566,238.0
"Venezuela, RB",VEN,2009,0.24014,184.39061,60.0
South Africa,ZAF,2009,0.74993,384.84932,822.0
Argentina,ARG,2010,0.56104,1119.05035,552.0
Australia,AUS,2010,2.37009,4568.56658,2409.0
Austria,AUT,2010,2.7261,4379.18237,2424.0
Belgium,BEL,2010,2.06188,3755.63584,620.0
Bulgaria,BGR,2010,0.56299,1470.69323,243.0
Brazil,BRA,2010,1.15992,696.09998,4228.0
Canada,CAN,2010,1.82504,4664.07888,4550.0
Chile,CHL,2010,0.33165,318.2091,328.0
China,CHN,2010,1.71372,898.85545,293066.0
Costa Rica,CRI,2010,0.4799,385.92478,8.0
Cyprus,CYP,2010,0.44292,1104.81725,4.0
Czechia,CZE,2010,1.3267,2799.12504,868.0
Germany,DEU,2010,2.73024,4056.42386,47047.0
Denmark,DNK,2010,2.91707,6763.58309,1626.0
East Asia & Pacific,EAS,2010,2.39654257840267,1471.68017837487,731535.0
Europe & Central Asia,ECS,2010,1.7765652879188,2706.06002307146,227012.0
Ecuador,ECU,2010,0.41127,141.13492,4.0
"Egypt, Arab Rep.",EGY,2010,0.43345,461.31975,605.0
Spain,ESP,2010,1.35996,2879.99747,3566.0
Estonia,EST,2010,1.57899,3057.78287,84.0
Finland,FIN,2010,3.70532,7740.92101,1731.0
France,FRA,2010,2.17857,3849.5934,14748.0
United Kingdom,GBR,2010,1.63886,4089.20558,15490.0
Guatemala,GTM,2010,0.04421,25.28604,7.0
High income,HIC,2010,2.32250163043972,3590.45604299763,861700.0
"Hong Kong SAR, China",HKG,2010,0.74946,3062.54396,133.0
Croatia,HRV,2010,0.73055,1649.24941,257.0
Hungary,HUN,2010,1.12865,2135.63344,649.0
India,IND,2010,0.78849,156.19059,8853.0
"Iran, Islamic Rep.",IRN,2010,0.26442,712.4395,11108.0
Italy,ITA,2010,1.21797,1722.66807,8877.0
Japan,JPN,2010,3.10495,5117.18164,290081.0
Kazakhstan,KAZ,2010,0.15341,360.06018,1691.0
Kenya,KEN,2010,0.69222,226.90023,77.0
"Korea, Rep.",KOR,2010,3.31578,5429.43919,131805.0
Latin America & Caribbean,LCN,2010,0.732700620803165,540.766374471365,6390.0
Sri Lanka,LKA,2010,0.13241,102.80578,225.0
Lithuania,LTU,2010,0.7833,2736.49225,108.0
Luxembourg,LUX,2010,1.42373,5200.13851,79.0
Latvia,LVA,2010,0.60571,1836.97506,178.0
"Macao SAR, China",MAC,2010,0.05012,628.84194,4.0
Morocco,MAR,2010,0.66036,721.98655,152.0
Moldova,MDA,2010,0.3665,760.16606,139.0
Madagascar,MDG,2010,0.09903,50.26629,9.0
Mexico,MEX,2010,0.47353,341.23898,951.0
North Macedonia,MKD,2010,0.21634,535.89171,27.0
Malta,MLT,2010,0.58741,1391.94851,12.0
Mozambique,MOZ,2010,0.37595,40.21198,15.0
Malaysia,MYS,2010,1.03608,1452.73369,1231.0
North America,NAC,2010,2.62715626492807,3660.4057136891,246527.0
Netherlands,NLD,2010,1.70404,3210.02025,2527.0
Norway,NOR,2010,1.6412,5444.69765,1117.0
Poland,POL,2010,0.72619,1697.02812,3203.0
Portugal,PRT,2010,1.53529,3923.75527,499.0
Romania,ROU,2010,0.44666,964.52527,1382.0
Russian Federation,RUS,2010,1.1302,3071.56116,28722.0
South Asia,SAS,2010,0.762064198284848,155.309017011634,9258.0
Singapore,SGP,2010,1.92918,6368.34517,895.0
Serbia,SRB,2010,0.70228,1503.41256,290.0
Slovak Republic,SVK,2010,0.6055,2817.3661,234.0
Slovenia,SVN,2010,2.05133,3770.38211,442.0
Sweden,SWE,2010,3.16789,5279.17412,2196.0
Tunisia,TUN,2010,0.65806,1375.49899,113.0
Turkiye,TUR,2010,0.79369,882.50416,3180.0
Ukraine,UKR,2010,0.80279,1306.70104,2556.0
Upper middle income,UMC,2010,1.20210655038883,827.152452676533,340900.0
Uruguay,URY,2010,0.32882,637.83958,23.0
United States,USA,2010,2.71444,3550.08505,241977.0
Uzbekistan,UZB,2010,0.1543,551.74753,370.0
"Venezuela, RB",VEN,2010,0.18823,202.71225,70.0
World,WLD,2010,2.00724083904798,1261.25477187436,1236900.0
South Africa,ZAF,2010,0.66284,359.80904,821.0
Argentina,ARG,2011,0.56597,1175.37229,688.0
Austria,AUT,2011,2.66868,4430.53569,2154.0
Belgium,BEL,2011,2.17332,3880.19574,636.0
Bulgaria,BGR,2011,0.5295,1606.20566,262.0
Brazil,BRA,2011,1.13966,749.17174,4695.0
Canada,CAN,2011,1.78714,4802.7188,4754.0
Chile,CHL,2011,0.35288,352.01898,339.0
China,CHN,2011,1.78034,972.01743,415829.0
Costa Rica,CRI,2011,0.46235,410.68891,13.0
Czechia,CZE,2011,1.54477,2925.87928,783.0
Germany,DEU,2011,2.80555,4191.51741,46986.0
Denmark,DNK,2011,2.94465,7045.77406,1574.0
East Asia & Pacific,EAS,2011,2.32887135089794,1394.76569061372,857546.0
Europe & Central Asia,ECS,2011,1.7830729059603,2732.31560965416,222070.0
"Egypt, Arab Rep.",EGY,2011,0.53154,461.59381,618.0
Spain,ESP,2011,1.33341,2775.30203,3430.0
Estonia,EST,2011,2.30522,3392.80584,62.0
Finland,FIN,2011,3.61806,7441.97757,1650.0
France,FRA,2011,2.19161,3920.65709,14655.0
United Kingdom,GBR,2011,1.64681,3973.02377,15343.0
Greece,GRC,2011,0.68426,2217.3345,722.0
Guatemala,GTM,2011,0.04894,25.2655,4.0
High income,HIC,2011,2.3143776616878,3615.48593472261,868300.0
"Hong Kong SAR, China",HKG,2011,0.72086,3036.83266,181.0
Croatia,HRV,2011,0.73646,1594.22493,230.0
Hungary,HUN,2011,1.17925,2309.99213,662.0
Iceland,ISL,2011,2.40367,7088.82137,50.0
Italy,ITA,2011,1.20155,1760.64483,8794.0
Japan,JPN,2011,3.20537,5123.33234,287580.0
Kazakhstan,KAZ,2011,0.15349,375.48738,1415.0
"Korea, Rep.",KOR,2011,3.59199,5908.82443,138034.0
Latin America & Caribbean,LCN,2011,0.707895887421059,573.99606836999,7230.0
Lithuania,LTU,2011,0.90269,2748.0311,93.0
Luxembourg,LUX,2011,1.42453,5525.72816,85.0
Latvia,LVA,2011,0.71562,1902.3667,173.0
"Macao SAR, China",MAC,2011,0.04427,590.60719,4.0
Moldova,MDA,2011,0.33764,777.15332,97.0
Madagascar,MDG,2011,0.09067,49.14874,3.0
Mexico,MEX,2011,0.45268,348.02663,1065.0
North Macedonia,MKD,2011,0.22276,450.8086,37.0
Malta,MLT,2011,0.66506,1761.13695,9.0
Montenegro,MNE,2011,0.31485,642.96419,20.0
Malaysia,MYS,2011,1.03342,1633.85555,1076.0
North America,NAC,2011,2.63912484768229,3772.53694993324,252504.0
Netherlands,NLD,2011,1.88131,3648.13368,2585.0
Norway,NOR,2011,1.61714,5533.91801,1122.0
New Zealand,NZL,2011,1.23222,3731.3373,1501.0
Pakistan,PAK,2011,0.30491,130.07654,92.0
Panama,PAN,2011,0.17304,119.64866,21.0
Philippines,PHL,2011,0.11222,82.55979,186.0
Poland,POL,2011,0.75221,1679.90071,3879.0
Portugal,PRT,2011,1.45741,4166.14892,571.0
Romania,ROU,2011,0.47459,789.87506,1424.0
Russian Federation,RUS,2011,1.01545,3109.37401,26495.0
Singapore,SGP,2011,2.06955,6578.63079,1056.0
Serbia,SRB,2011,0.68334,1616.19262,180.0
Slovak Republic,SVK,2011,0.65255,2840.91952,224.0
Slovenia,SVN,2011,2.41297,4287.95887,470.0
Sweden,SWE,2011,3.18702,5172.47477,2004.0
Thailand,THA,2011,0.36146,528.55687,927.0
Tunisia,TUN,2011,0.67458,1420.37634,137.0
Turkiye,TUR,2011,0.79393,977.26304,3885.0
Ukraine,UKR,2011,0.7109,1237.47634,2649.0
Upper middle income,UMC,2011,1.24170182375638,878.414150781156,462100.0
Uruguay,URY,2011,0.32962,628.67776,20.0
United States,USA,2011,2.73803,3659.09511,247750.0
Uzbekistan,UZB,2011,0.14877,582.25635,282.0
"Venezuela, RB",VEN,2011,0.15296,231.7288,61.0
South Africa,ZAF,2011,0.66753,381.96714,656.0
Argentina,ARG,2012,0.63491,1197.6554,735.0
Austria,AUT,2012,2.91472,4720.81116,2258.0
Belgium,BEL,2012,2.28114,4116.61624,755.0
Bulgaria,BGR,2012,0.60039,1537.4066,245.0
Bosnia and Herzegovina,BIH,2012,0.26533,155.74572,2.0
Brazil,BRA,2012,1.12684,801.40894,4798.0
Botswana,BWA,2012,0.26759,168.08972,5.0
Canada,CAN,2012,1.77304,4652.42914,4709.0
Switzerland,CHE,2012,2.87457,4497.48676,1480.0
Chile,CHL,2012,0.36213,389.87508,336.0
China,CHN,2012,1.91214,1028.98334,535313.0
Costa Rica,CRI,2012,0.54713,340.94423,9.0
Cyprus,CYP,2012,0.43765,1022.02872,4.0
Czechia,CZE,2012,1.76967,3162.1117,867.0
Germany,DEU,2012,2.88166,4355.567,46620.0
Denmark,DNK,2012,2.98125,7181.8507,1406.0
East Asia & Pacific,EAS,2012,2.48353619845904,1567.70345712545,986823.0
Europe & Central Asia,ECS,2012,1.82742100518648,2809.38894330275,223012.0
"Egypt, Arab Rep.",EGY,2012,0.50899,485.09394,683.0
Spain,ESP,2012,1.29876,2693.39973,3266.0
Estonia,EST,2012,2.12481,3457.75569,20.0
Finland,FIN,2012,3.39832,7492.46096,1698.0
France,FRA,2012,2.22707,4052.17043,14540.0
United Kingdom,GBR,2012,1.57587,4017.98198,15370.0
Greece,GRC,2012,0.71005,2236.28739,628.0
Guatemala,GTM,2012,0.04543,27.51046,7.0
High income,HIC,2012,2.33345288375312,3659.80426211751,899800.0
"Hong Kong SAR, China",HKG,2012,0.72733,3137.56656,171.0
Croatia,HRV,2012,0.73725,1567.46167,217.0
Hungary,HUN,2012,1.25423,2400.89424,692.0
"Iran, Islamic Rep.",IRN,2012,0.29435,667.69317,10622.0
Italy,ITA,2012,1.26219,1831.34278,8439.0
Japan,JPN,2012,3.17371,5048.63399,287013.0
"Korea, Rep.",KOR,2012,3.8504,6393.34374,148136.0
Latin America & Caribbean,LCN,2012,0.680414264771169,582.631882365115,7634.0
Lithuania,LTU,2012,0.89304,2670.60517,109.0
Luxembourg,LUX,2012,1.20664,4401.98152,109.0
Latvia,LVA,2012,0.66307,1908.95404,193.0
"Macao SAR, China",MAC,2012,0.04789,714.10035,5.0
Moldova,MDA,2012,0.34907,768.63843,93.0
Mexico,MEX,2012,0.40284,250.69335,1294.0
North Macedonia,MKD,2012,0.32676,623.86927,50.0
Malta,MLT,2012,0.80432,1968.67504,11.0
Mauritius,MUS,2012,0.17773,176.93358,4.0
Malaysia,MYS,2012,1.09269,1769.90749,1114.0
North America,NAC,2012,2.58093130595278,3743.01358535951,273491.0
Netherlands,NLD,2012,1.91627,4336.14629,2375.0
Norway,NOR,2012,1.61053,5584.13377,1009.0
Poland,POL,2012,0.88997,1752.07893,4410.0
Portugal,PRT,2012,1.37861,4032.33558,621.0
Qatar,QAT,2012,0.4786,647.4387,3.0
Romania,ROU,2012,0.4624,891.59994,1022.0
Russian Federation,RUS,2012,1.02766,3075.21492,28701.0
Singapore,SGP,2012,1.91833,6514.09973,1081.0
Serbia,SRB,2012,0.85316,1635.37121,192.0
Slovak Republic,SVK,2012,0.79461,2827.14865,168.0
Sweden,SWE,2012,3.23025,5196.71759,2288.0
Tunisia,TUN,2012,0.64937,1614.44868,150.0
Turkiye,TUR,2012,0.82595,1100.18611,4434.0
Ukraine,UKR,2012,0.72363,1210.04567,2491.0
Upper middle income,UMC,2012,1.32988658499314,933.283423033905,584600.0
Uruguay,URY,2012,0.30808,647.29155,22.0
United States,USA,2012,2.67273,3642.58414,268782.0
Uzbekistan,UZB,2012,0.15512,520.30903,257.0
"Venezuela, RB",VEN,2012,0.2501,295.73383,65.0
South Africa,ZAF,2012,0.66934,400.95517,608.0
Argentina,ARG,2013,0.61849,1193.37333,643.0
Austria,AUT,2013,2.95492,4782.1241,2162.0
Belgium,BEL,2013,2.33073,4161.62059,715.0
Bulgaria,BGR,2013,0.63424,1685.20345,282.0
Bosnia and Herzegovina,BIH,2013,0.32132,228.0143,7.0
Brazil,BRA,2013,1.19567,852.71699,4959.0
Botswana,BWA,2013,0.561,179.77334,8.0
Canada,CAN,2013,1.70624,4647.61399,4567.0
Chile,CHL,2013,0.3903,334.78846,340.0
China,CHN,2013,1.99786,1079.63795,704936.0
Colombia,COL,2013,0.25761,58.0547,251.0
Costa Rica,CRI,2013,0.54253,359.00481,18.0
Cyprus,CYP,2013,0.48485,1026.70353,2.0
Czechia,CZE,2013,1.87924,3260.83143,984.0
Germany,DEU,2013,2.83599,4380.38742,47353.0
Denmark,DNK,2013,2.97048,7115.41931,1341.0
East Asia & Pacific,EAS,2013,2.27951683548656,1465.65650949496,1146947.0
Europe & Central Asia,ECS,2013,1.80890206203512,2845.94311812249,225391.0
Ecuador,ECU,2013,0.37423,350.98087,7.0
"Egypt, Arab Rep.",EGY,2013,0.63895,505.91384,641.0
Spain,ESP,2013,1.27482,2623.64689,3026.0
Estonia,EST,2013,1.72412,3338.3961,25.0
Ethiopia,ETH,2013,0.60474,43.9301,1.0
Finland,FIN,2013,3.27137,7222.80668,1596.0
France,FRA,2013,2.23703,4133.56261,14690.0
United Kingdom,GBR,2013,1.62096,4171.80763,14972.0
Georgia,GEO,2013,0.0771,599.63656,114.0
Greece,GRC,2013,0.81478,2655.47213,698.0
Guatemala,GTM,2013,0.03916,17.78271,4.0
High income,HIC,2013,2.32828390804923,3736.02734929567,916300.0
"Hong Kong SAR, China",HKG,2013,0.73017,3309.70489,226.0
Croatia,HRV,2013,0.79513,1535.62032,230.0
Hungary,HUN,2013,1.3841,2527.84945,642.0
"Iran, Islamic Rep.",IRN,2013,0.23601,650.49973,11305.0
Iceland,ISL,2013,1.69238,5739.72216,33.0
Italy,ITA,2013,1.30107,1916.30366,8307.0
Japan,JPN,2013,3.27896,5166.83422,271731.0
Kazakhstan,KAZ,2013,0.17132,720.18538,1824.0
"Korea, Rep.",KOR,2013,3.95124,6457.88851,159978.0
Latin America & Caribbean,LCN,2013,0.712901193695883,561.112998511686,7662.0
Sri Lanka,LKA,2013,0.0973,107.04016,328.0
Lithuania,LTU,2013,0.94872,2878.7497,117.0
Luxembourg,LUX,2013,1.23381,4661.60191,113.0
Latvia,LVA,2013,0.61321,1790.85926,225.0
"Macao SAR, China",MAC,2013,0.05117,889.14744,6.0
Moldova,MDA,2013,0.29783,736.90187,67.0
Mexico,MEX,2013,0.40806,254.46546,1210.0
North Macedonia,MKD,2013,0.43894,693.84909,42.0
Malta,MLT,2013,0.74336,1880.46422,13.0
Montenegro,MNE,2013,0.37431,637.60412,23.0
North America,NAC,2013,2.59730653162244,3817.6834373398,292398.0
Netherlands,NLD,2013,2.15606,4887.39056,2315.0
Norway,NOR,2013,1.64216,5605.02472,1101.0
New Zealand,NZL,2013,1.15337,4043.95577,1614.0
Pakistan,PAK,2013,0.26179,144.40494,151.0
Panama,PAN,2013,0.06206,39.55467,9.0
Philippines,PHL,2013,0.13207,182.5933,220.0
Poland,POL,2013,0.88483,1868.31303,4237.0
Portugal,PRT,2013,1.32468,3605.75824,647.0
Romania,ROU,2013,0.39024,923.69506,993.0
Russian Federation,RUS,2013,1.02732,3050.2782,28765.0
Singapore,SGP,2013,1.92104,6734.96456,1143.0
Serbia,SRB,2013,0.68367,1718.61748,201.0
Slovak Republic,SVK,2013,0.82005,2723.15005,184.0
Sweden,SWE,2013,3.26042,6717.6193,2332.0
Thailand,THA,2013,0.44164,773.81018,1572.0
Tunisia,TUN,2013,0.637,1781.88853,112.0
Turkiye,TUR,2013,0.81206,1175.90164,4392.0
Ukraine,UKR,2013,0.733,1139.62164,2856.0
Upper middle income,UMC,2013,1.33612672276209,939.044399595732,754800.0
United States,USA,2013,2.69592,3725.75931,287831.0
Uzbekistan,UZB,2013,0.155,514.76473,299.0
"Venezuela, RB",VEN,2013,0.31853,364.33159,74.0
Viet Nam,VNM,2013,0.29932,684.84168,443.0
South Africa,ZAF,2013,0.6633,430.44849,638.0
Argentina,ARG,2014,0.59396,1202.47388,509.0
Austria,AUT,2014,3.08429,5009.44199,2092.0
Belgium,BEL,2014,2.37002,4544.86674,889.0
Bulgaria,BGR,2014,0.79007,1822.03088,218.0
Bahrain,BHR,2014,0.10116,384.09339,6.0
Bosnia and Herzegovina,BIH,2014,0.25725,283.73763,41.0
Brazil,BRA,2014,1.26971,903.20079,4659.0
Canada,CAN,2014,1.71483,4564.22043,4198.0
Chile,CHL,2014,0.37668,426.80476,452.0
China,CHN,2014,2.02243,1101.80087,801135.0
Colombia,COL,2014,0.30317,59.05478,260.0
Costa Rica,CRI,2014,0.55627,574.91761,15.0
Cyprus,CYP,2014,0.51205,1051.28205,4.0
Czechia,CZE,2014,1.95833,3428.30846,910.0
Germany,DEU,2014,2.87784,4336.01915,48154.0
Denmark,DNK,2014,2.91409,7358.18842,1377.0
East Asia & Pacific,EAS,2014,2.4763717684967,1641.78544916549,1240339.0
Europe & Central Asia,ECS,2014,1.92965357378061,2884.34589116323,221770.0
Ecuador,ECU,2014,0.43839,400.26149,24.0
"Egypt, Arab Rep.",EGY,2014,0.63649,632.88092,752.0
Spain,ESP,2014,1.24159,2614.44648,2953.0
Estonia,EST,2014,1.43023,3285.59355,44.0
Finland,FIN,2014,3.14751,7022.1865,1419.0
France,FRA,2014,2.27592,4210.03605,14500.0
United Kingdom,GBR,2014,2.26488,4280.79983,15196.0
Georgia,GEO,2014,0.16991,1126.78154,110.0
Greece,GRC,2014,0.83998,2733.92303,651.0
Guatemala,GTM,2014,0.02949,20.79155,10.0
High income,HIC,2014,2.42384451249419,3824.10747794218,912900.0
"Hong Kong SAR, China",HKG,2014,0.74014,3512.80511,192.0
Croatia,HRV,2014,0.76902,1445.04267,170.0
Hungary,HUN,2014,1.3446,2654.79529,546.0
Italy,ITA,2014,1.3384,1947.34437,8601.0
Japan,JPN,2014,3.36788,5351.53211,265959.0
Kazakhstan,KAZ,2014,0.16722,781.43387,1742.0
"Korea, Rep.",KOR,2014,4.07786,6867.33385,164073.0
Latin America & Caribbean,LCN,2014,0.753297285589305,582.691393644504,7455.0
Lithuania,LTU,2014,1.03011,3082.27902,123.0
Luxembourg,LUX,2014,1.217,4782.93933,128.0
Latvia,LVA,2014,0.68908,1872.26628,103.0
"Macao SAR, China",MAC,2014,0.08776,1007.1702,2.0
Moldova,MDA,2014,0.31463,925.31215,67.0
Mexico,MEX,2014,0.41962,262.92059,1246.0
Malta,MLT,2014,0.69179,1835.3282,5.0
Montenegro,MNE,2014,0.3632,665.31497,13.0
Malaysia,MYS,2014,1.26275,2015.97275,1353.0
North America,NAC,2014,2.61527882483309,3897.95953665356,289294.0
Netherlands,NLD,2014,2.1733,4926.09272,2294.0
Norway,NOR,2014,1.70369,5722.57126,1106.0
Panama,PAN,2014,0.12295,92.78364,13.0
Poland,POL,2014,0.95076,2054.74753,3941.0
Portugal,PRT,2014,1.28992,3658.36239,722.0
Romania,ROU,2014,0.38208,904.75745,952.0
Russian Federation,RUS,2014,1.07241,3072.93883,24072.0
Singapore,SGP,2014,2.08228,6756.24778,1303.0
Serbia,SRB,2014,0.72309,1822.70033,202.0
Slovak Republic,SVK,2014,0.877,2723.67121,211.0
Sweden,SWE,2014,3.10184,6909.46438,1984.0
Thailand,THA,2014,0.47988,941.80061,1006.0
Tunisia,TUN,2014,0.61988,1795.0618,142.0
Turkiye,TUR,2014,0.8564,1163.53689,4766.0
Uganda,UGA,2014,0.14265,28.67676,5.0
Ukraine,UKR,2014,0.65034,1002.50854,2457.0
Upper middle income,UMC,2014,1.47291230333826,972.175903880015,845100.0
Uruguay,URY,2014,0.31707,664.34395,37.0
United States,USA,2014,2.70881,3824.01193,285096.0
Uzbekistan,UZB,2014,0.15335,508.96456,345.0
"Venezuela, RB",VEN,2014,0.33713,272.27029,55.0
South Africa,ZAF,2014,0.70987,427.63838,802.0
United Arab Emirates,ARE,2015,0.8657,2168.42732,35.0
Argentina,ARG,2015,0.62262,1225.50983,546.0
Austria,AUT,2015,3.04969,5073.42857,2205.0
Belgium,BEL,2015,2.42817,4731.81573,949.0
Bulgaria,BGR,2015,0.94947,1976.75906,280.0
Canada,CAN,2015,1.69359,4545.96875,4277.0
Switzerland,CHE,2015,3.07832,5308.73305,1477.0
Chile,CHL,2015,0.38296,455.29183,443.0
China,CHN,2015,2.05701,1162.7108,968252.0
Colombia,COL,2015,0.36542,70.66931,321.0
Costa Rica,CRI,2015,0.43665,500.97138,17.0
Cyprus,CYP,2015,0.47529,1010.61619,6.0
Czechia,CZE,2015,1.91689,3619.16017,880.0
Germany,DEU,2015,2.93379,4755.29531,47384.0
Denmark,DNK,2015,3.05497,7566.45783,1462.0
East Asia & Pacific,EAS,2015,2.32510467983346,1543.15542304269,1403980.0
Europe & Central Asia,ECS,2015,2.00029748572469,2992.51073138026,218330.0
"Egypt, Arab Rep.",EGY,2015,0.71858,631.04334,718.0
Spain,ESP,2015,1.22179,2622.53289,2799.0
Estonia,EST,2015,1.46777,3188.49188,30.0
Finland,FIN,2015,2.87196,6855.97138,1289.0
France,FRA,2015,2.22702,4310.70957,14306.0
United Kingdom,GBR,2015,2.27566,4389.5625,14867.0
Georgia,GEO,2015,0.29397,1359.02229,99.0
Greece,GRC,2015,0.96605,3196.52298,550.0
Guatemala,GTM,2015,0.03064,22.74408,7.0
High income,HIC,2015,2.456804393145,3873.65382988404,912900.0
"Hong Kong SAR, China",HKG,2015,0.76183,3487.89638,239.0
Honduras,HND,2015,0.01497,22.29506,4.0
Croatia,HRV,2015,0.82378,1513.83841,169.0
Hungary,HUN,2015,1.33959,2569.66887,569.0
India,IND,2015,0.6931,214.34935,12579.0
Iraq,IRQ,2015,0.04017,63.15466,335.0
Japan,JPN,2015,3.24071,5198.48902,258839.0
Kazakhstan,KAZ,2015,0.16951,760.84725,1271.0
"Korea, Rep.",KOR,2015,3.9782,7020.43916,167275.0
Sri Lanka,LKA,2015,0.10291,102.40151,218.0
Lower middle income,LMC,2015,0.546219360559185,266.581392754698,32800.0
Lithuania,LTU,2015,1.04341,2794.92116,101.0
Luxembourg,LUX,2015,1.25226,4636.38043,128.0
Latvia,LVA,2015,0.6194,1818.82619,136.0
"Macao SAR, China",MAC,2015,0.13649,1247.7184,3.0
Moldova,MDA,2015,0.30735,946.48296,64.0
Mexico,MEX,2015,0.41477,284.58114,1364.0
Malta,MLT,2015,0.71515,1865.25574,9.0
Montenegro,MNE,2015,0.374,830.62949,23.0
Mozambique,MOZ,2015,0.30814,44.41136,24.0
Malaysia,MYS,2015,1.27945,2256.60241,1272.0
North America,NAC,2015,2.68740372915854,3926.7418704055,292612.0
Netherlands,NLD,2015,2.14606,4891.78146,2207.0
Norway,NOR,2015,1.9235,5929.85725,1153.0
New Zealand,NZL,2015,1.22789,5476.90357,1184.0
Oman,OMN,2015,0.21866,222.38615,5.0
Pakistan,PAK,2015,0.22193,257.67288,209.0
Panama,PAN,2015,0.10745,90.68303,14.0
Philippines,PHL,2015,0.15683,103.17345,375.0
Poland,POL,2015,1.00423,2158.37831,4676.0
Portugal,PRT,2015,1.2433,3724.60014,925.0
Romania,ROU,2015,0.48796,876.41011,975.0
Russian Federation,RUS,2015,1.10085,3096.02745,29269.0
South Asia,SAS,2015,0.670154902727138,212.609130741671,13059.0
Singapore,SGP,2015,2.17445,7134.93412,1469.0
El Salvador,SLV,2015,0.14348,64.78066,7.0
Serbia,SRB,2015,0.8109,2060.14765,178.0
Slovak Republic,SVK,2015,1.15727,2658.90096,228.0
Sweden,SWE,2015,3.21903,6846.13413,2038.0
Syrian Arab Republic,SYR,2015,0.01942,83.04849,198.0
Thailand,THA,2015,0.61609,844.08077,1029.0
Tunisia,TUN,2015,0.59413,1774.94539,180.0
Turkiye,TUR,2015,0.96732,1136.18026,5352.0
Ukraine,UKR,2015,0.61477,1005.99722,2271.0
Upper middle income,UMC,2015,1.54748340196395,1017.41348015015,1018100.0
Uruguay,URY,2015,0.35109,687.09204,26.0
United States,USA,2015,2.77328,3858.04036,288335.0
Uzbekistan,UZB,2015,0.16497,504.73687,288.0
"Venezuela, RB",VEN,2015,0.44,246.15054,47.0
Viet Nam,VNM,2015,0.35629,681.68167,582.0
World,WLD,2015,2.11559432042629,1375.28725371756,1972500.0
South Africa,ZAF,2015,0.73147,466.56084,889.0
United Arab Emirates,ARE,2016,0.9318,2509.55341,57.0
Argentina,ARG,2016,0.55815,1254.06674,884.0
Austria,AUT,2016,3.11655,5400.34772,2078.0
Belgium,BEL,2016,2.52338,4798.32663,1054.0
Bulgaria,BGR,2016,0.77009,2236.855,230.0
Bosnia and Herzegovina,BIH,2016,0.21337,406.85468,60.0
Canada,CAN,2016,1.72903,4400.49278,4078.0
Chile,CHL,2016,0.37103,495.36438,386.0
China,CHN,2016,2.10033,1208.86205,1204981.0
Colombia,COL,2016,0.27051,91.2603,545.0
Costa Rica,CRI,2016,0.44335,531.44617,9.0
Cyprus,CYP,2016,0.5197,1058.56405,3.0
Czechia,CZE,2016,1.67003,3546.92776,792.0
Germany,DEU,2016,2.94039,4839.84645,48480.0
Denmark,DNK,2016,3.09283,7852.0565,1552.0
East Asia & Pacific,EAS,2016,2.34324906227084,1522.18771268532,1638504.0
Europe & Central Asia,ECS,2016,1.98485653786509,3011.65271380487,224785.0
"Egypt, Arab Rep.",EGY,2016,0.70848,646.99675,920.0
Spain,ESP,2016,1.18986,2712.74943,2745.0
Estonia,EST,2016,1.24306,3296.37262,29.0
Finland,FIN,2016,2.72442,6543.69993,1260.0
France,FRA,2016,2.22238,4392.04699,14206.0
United Kingdom,GBR,2016,2.32052,4434.65942,13876.0
Georgia,GEO,2016,0.28025,1383.73676,96.0
Greece,GRC,2016,1.00529,2726.60076,606.0
Guatemala,GTM,2016,0.02311,22.71149,3.0
High income,HIC,2016,2.51257145889717,3886.65797262232,917400.0
"Hong Kong SAR, China",HKG,2016,0.7915,3668.25742,233.0
Croatia,HRV,2016,0.84433,1871.39921,175.0
Hungary,HUN,2016,1.17987,2625.94197,616.0
Indonesia,IDN,2016,0.24535,177.73496,1101.0
Ireland,IRL,2016,1.17716,5143.85544,79.0
Italy,ITA,2016,1.36642,2209.59265,8848.0
Jordan,JOR,2016,0.69547,572.41702,22.0
Japan,JPN,2016,3.10666,5232.70894,260244.0
Kazakhstan,KAZ,2016,0.14179,678.87213,993.0
"Korea, Rep.",KOR,2016,3.98704,7057.16003,163424.0
Kuwait,KWT,2016,0.07985,481.99315,13.0
Sri Lanka,LKA,2016,0.12034,102.9348,280.0
Lithuania,LTU,2016,0.84241,2950.39665,95.0
Luxembourg,LUX,2016,1.2669,4802.1785,143.0
Latvia,LVA,2016,0.43514,1600.57848,95.0
Moldova,MDA,2016,0.28004,912.00965,91.0
Madagascar,MDG,2016,0.01264,23.87432,6.0
Mexico,MEX,2016,0.37601,319.5511,1310.0
Malta,MLT,2016,0.55689,1989.5946,3.0
Montenegro,MNE,2016,0.32454,716.88365,10.0
Malaysia,MYS,2016,1.41517,2334.07987,1109.0
North America,NAC,2016,2.7530633784089,3868.36288626828,299405.0
Netherlands,NLD,2016,2.15081,5109.20509,2290.0
Norway,NOR,2016,2.03287,6120.84923,1227.0
Oman,OMN,2016,0.22691,250.29605,3.0
Panama,PAN,2016,0.1324,96.8879,68.0
Poland,POL,2016,0.96821,2304.00747,4261.0
Portugal,PRT,2016,1.28075,3992.10969,724.0
Romania,ROU,2016,0.48864,910.44851,1005.0
Russian Federation,RUS,2016,1.10238,2946.99732,26795.0
Rwanda,RWA,2016,0.64945,13.73163,3.0
Singapore,SGP,2016,2.07276,7052.85651,1601.0
El Salvador,SLV,2016,0.14493,67.49915,4.0
Serbia,SRB,2016,0.83822,2121.8924,192.0
Slovak Republic,SVK,2016,0.78857,2609.14992,220.0
Sweden,SWE,2016,3.24736,7143.443,2032.0
Thailand,THA,2016,0.77829,1179.07394,1098.0
Tunisia,TUN,2016,0.56539,1969.10018,235.0
Turkiye,TUR,2016,1.11979,1263.789,6230.0
Ukraine,UKR,2016,0.48339,1037.24086,2233.0
Upper middle income,UMC,2016,1.55026429251548,974.634617471413,1253900.0
United States,USA,2016,2.83676,3809.11997,295327.0
Uzbekistan,UZB,2016,0.17238,512.96908,353.0
"Venezuela, RB",VEN,2016,0.69,291.69278,35.0
South Africa,ZAF,2016,0.74992,481.99586,704.0
Argentina,ARG,2017,0.55631,1206.01905,393.0
Austria,AUT,2017,3.05656,5416.07999,2073.0
Belgium,BEL,2017,2.66666,4757.30821,1001.0
Bulgaria,BGR,2017,0.74037,2125.46017,202.0
Bosnia and Herzegovina,BIH,2017,0.1978,471.50932,87.0
Canada,CAN,2017,1.68702,4429.05796,4053.0
Switzerland,CHE,2017,3.07698,5257.33424,1337.0
Chile,CHL,2017,0.35679,494.62971,425.0
China,CHN,2017,2.11603,1235.84935,1245709.0
Colombia,COL,2017,0.26109,90.24729,595.0
Costa Rica,CRI,2017,0.42587,385.02378,19.0
Cyprus,CYP,2017,0.54259,1209.63685,8.0
Czechia,CZE,2017,1.76855,3718.34571,794.0
Germany,DEU,2017,3.0471,5058.39528,47785.0
Denmark,DNK,2017,2.93124,7647.61749,1490.0
Algeria,DZA,2017,0.47865,821.66519,149.0
East Asia & Pacific,EAS,2017,2.32062696054121,1489.63812290506,1684097.0
Europe & Central Asia,ECS,2017,2.03761530702517,3129.11852943395,222576.0
"Egypt, Arab Rep.",EGY,2017,0.64486,636.00218,1025.0
Spain,ESP,2017,1.20977,2847.3656,2167.0
Estonia,EST,2017,1.27685,3552.46537,37.0
Ethiopia,ETH,2017,0.27437,89.03843,14.0
Finland,FIN,2017,2.72787,6731.45341,1390.0
France,FRA,2017,2.19888,4546.76212,14415.0
United Kingdom,GBR,2017,2.32602,4472.69458,13301.0
Georgia,GEO,2017,0.26645,1381.93128,75.0
Greece,GRC,2017,1.15228,3250.61522,498.0
Guatemala,GTM,2017,0.02955,14.49246,3.0
High income,HIC,2017,2.54303670815066,4020.23174908603,911300.0
"Hong Kong SAR, China",HKG,2017,0.83519,3720.22457,324.0
Honduras,HND,2017,0.03994,34.42048,4.0
Croatia,HRV,2017,0.8415,1900.86092,148.0
Hungary,HUN,2017,1.31702,2902.24254,496.0
Indonesia,IDN,2017,0.23805,214.08281,2271.0
Ireland,IRL,2017,1.24866,5114.19434,62.0
"Iran, Islamic Rep.",IRN,2017,0.75983,1409.14676,15264.0
Iraq,IRQ,2017,0.04596,102.2908,613.0
Iceland,ISL,2017,2.08365,5979.72684,36.0
Italy,ITA,2017,1.37013,2322.42382,8643.0
Japan,JPN,2017,3.16636,5319.83455,260292.0
Kazakhstan,KAZ,2017,0.12667,650.77119,1055.0
"Korea, Rep.",KOR,2017,4.29206,7453.21918,159084.0
Sri Lanka,LKA,2017,0.11818,102.17296,277.0
Lithuania,LTU,2017,0.89626,3068.33424,81.0
Luxembourg,LUX,2017,1.23898,4969.23004,156.0
Latvia,LVA,2017,0.51104,1785.24003,90.0
"Macao SAR, China",MAC,2017,0.1721,3137.49004,1.0
Moldova,MDA,2017,0.25789,923.49386,73.0
Madagascar,MDG,2017,0.01275,29.61421,9.0
Mexico,MEX,2017,0.31955,273.56869,1334.0
Malta,MLT,2017,0.55232,2027.40143,5.0
North America,NAC,2017,2.79016033627039,3981.66076923223,297957.0
Netherlands,NLD,2017,2.17857,5273.17623,2241.0
Norway,NOR,2017,2.08167,6396.1696,1152.0
New Zealand,NZL,2017,1.34905,5035.55839,1014.0
Oman,OMN,2017,0.19925,251.8909,4.0
Pakistan,PAK,2017,0.21214,314.96263,193.0
Panama,PAN,2017,0.1353,105.81058,33.0
Poland,POL,2017,1.03785,2994.85672,3924.0
Portugal,PRT,2017,1.31928,4348.10903,644.0
Romania,ROU,2017,0.50693,887.74694,1098.0
Russian Federation,RUS,2017,1.10967,2811.96725,22777.0
Singapore,SGP,2017,1.89913,6950.10748,1609.0
El Salvador,SLV,2017,0.18078,65.55077,4.0
Serbia,SRB,2017,0.87238,2067.73261,171.0
Slovak Republic,SVK,2017,0.88456,2803.05136,183.0
Sweden,SWE,2017,3.36279,7316.6476,1992.0
Thailand,THA,2017,1.00166,1315.74983,979.0
Tunisia,TUN,2017,0.69954,1919.04269,172.0
Turkiye,TUR,2017,1.17632,1420.59574,8175.0
Ukraine,UKR,2017,0.44879,994.07744,2283.0
Upper middle income,UMC,2017,1.5178728358452,994.625165433929,1292700.0
Uruguay,URY,2017,0.44052,756.67885,23.0
United States,USA,2017,2.88357,3931.60035,293904.0
Uzbekistan,UZB,2017,0.14834,501.98291,357.0
Viet Nam,VNM,2017,0.41895,707.70007,592.0
South Africa,ZAF,2017,0.76257,516.53674,728.0
United Arab Emirates,ARE,2018,1.26389,2464.56964,57.0
Argentina,ARG,2018,0.4883,1220.93622,425.0
Austria,AUT,2018,3.09182,5682.44087,2039.0
Burundi,BDI,2018,0.21312,22.4816,2.0
Belgium,BEL,2018,2.86018,5040.00069,892.0
Bulgaria,BGR,2018,0.75413,2343.48736,180.0
Bosnia and Herzegovina,BIH,2018,0.19199,459.76526,84.0
Canada,CAN,2018,1.7372,4715.91861,4349.0
Chile,CHL,2018,0.36916,523.65457,406.0
China,CHN,2018,2.14058,1317.48914,1393815.0
Costa Rica,CRI,2018,0.37144,349.49117,8.0
Cuba,CUB,2018,0.53691,2053.96588,29.0
Cyprus,CYP,2018,0.61405,1408.18017,4.0
Czechia,CZE,2018,1.89906,3906.6782,678.0
Germany,DEU,2018,3.11011,5209.2143,46617.0
Denmark,DNK,2018,2.96603,7597.52556,1262.0
East Asia & Pacific,EAS,2018,2.36176756840058,1537.04680443279,1828229.0
Europe & Central Asia,ECS,2018,2.07614802000775,3093.26276114167,223725.0
"Egypt, Arab Rep.",EGY,2018,0.68839,645.44342,997.0
Spain,ESP,2018,1.24151,2984.29629,1525.0
Estonia,EST,2018,1.40999,3766.08146,24.0
Finland,FIN,2018,2.75749,6872.68968,1387.0
France,FRA,2018,2.19666,4670.53241,14303.0
Georgia,GEO,2018,0.27573,1544.7177,103.0
Greece,GRC,2018,1.21371,3416.08087,430.0
Guatemala,GTM,2018,0.02938,13.28356,6.0
High income,HIC,2018,2.61762145130196,4131.04319334159,900300.0
"Hong Kong SAR, China",HKG,2018,0.8633,3978.17159,314.0
Honduras,HND,2018,0.06394,201.94053,8.0
Croatia,HRV,2018,0.94312,1973.01528,121.0
Hungary,HUN,2018,1.50775,3846.48666,407.0
Indonesia,IDN,2018,0.22632,215.18755,1407.0
India,IND,2018,0.66001,250.00794,16289.0
Ireland,IRL,2018,1.10698,4656.77702,76.0
Iraq,IRQ,2018,0.04279,107.3521,653.0
Iceland,ISL,2018,2.00081,5645.66563,56.0
Italy,ITA,2018,1.42443,2524.31271,8921.0
Japan,JPN,2018,3.2192,5339.51713,253630.0
Kazakhstan,KAZ,2018,0.11683,650.01155,789.0
"Korea, Rep.",KOR,2018,4.51633,7918.46916,162561.0
Kuwait,KWT,2018,0.06349,502.98169,1.0
Sri Lanka,LKA,2018,0.11949,101.11335,343.0
Lithuania,LTU,2018,0.93662,3180.95498,81.0
Luxembourg,LUX,2018,1.1718,4754.92191,152.0
Latvia,LVA,2018,0.63869,1786.2773,86.0
"Macao SAR, China",MAC,2018,0.20113,3428.95417,1.0
Moldova,MDA,2018,0.25626,903.41782,92.0
Mexico,MEX,2018,0.29816,278.43618,1555.0
Malta,MLT,2018,0.57211,1904.9221,2.0
Montenegro,MNE,2018,0.50374,775.01569,3.0
Mauritius,MUS,2018,0.33387,465.4988,16.0
Malaysia,MYS,2018,1.04026,2110.44315,1116.0
North America,NAC,2018,2.89244117461709,4276.38960864208,289444.0
Netherlands,NLD,2018,2.1388,5496.79039,2111.0
Norway,NOR,2018,2.03482,6484.23611,1082.0
Oman,OMN,2018,0.19031,296.18652,16.0
Panama,PAN,2018,0.13359,107.17185,135.0
Philippines,PHL,2018,0.32222,170.21271,529.0
Poland,POL,2018,1.2061,3079.49249,4207.0
Portugal,PRT,2018,1.34955,4614.40041,661.0
Paraguay,PRY,2018,0.14684,152.27558,34.0
Romania,ROU,2018,0.49729,876.17129,1100.0
Russian Federation,RUS,2018,0.99002,2772.63667,24926.0
South Asia,SAS,2018,0.641760020059033,247.697205482982,17008.0
Singapore,SGP,2018,1.80947,7002.45715,1575.0
El Salvador,SLV,2018,0.16531,73.49466,3.0
Serbia,SRB,2018,0.91891,2075.98604,163.0
Slovak Republic,SVK,2018,0.83555,3003.38839,217.0
Slovenia,SVN,2018,1.94593,4880.49036,255.0
Sweden,SWE,2018,3.32106,7425.66896,1838.0
Thailand,THA,2018,1.11374,1712.15367,904.0
Trinidad and Tobago,TTO,2018,0.08139,543.60048,4.0
Tunisia,TUN,2018,0.71645,1789.95356,180.0
Turkiye,TUR,2018,1.27093,1585.08328,7156.0
Ukraine,UKR,2018,0.47113,988.07663,2107.0
Upper middle income,UMC,2018,1.59460473666759,1091.69344700294,1441100.0
United States,USA,2018,2.99045,4226.79136,285095.0
Uzbekistan,UZB,2018,0.12394,481.96007,470.0
World,WLD,2018,2.23194831470307,1516.09005066035,2386300.0
South Africa,ZAF,2018,0.68586,500.79079,657.0
United Arab Emirates,ARE,2019,1.31065,2476.63113,55.0
Argentina,ARG,2019,0.47813,1224.69939,442.0
Austria,AUT,2019,3.13265,5958.85643,2066.0
Azerbaijan,AZE,2019,0.20013,1715.46385,147.0
Belgium,BEL,2019,3.1566,5290.87935,876.0
Bulgaria,BGR,2019,0.83274,2420.08954,186.0
Bosnia and Herzegovina,BIH,2019,0.19001,451.01282,45.0
Canada,CAN,2019,1.75578,4850.93689,4238.0
Switzerland,CHE,2019,3.1968,5561.73019,1369.0
Chile,CHL,2019,0.34243,507.31033,438.0
China,CHN,2019,2.24463,1483.85803,1243568.0
Cuba,CUB,2019,0.55308,2136.67708,27.0
Cyprus,CYP,2019,0.70945,1657.72538,4.0
Czechia,CZE,2019,1.92734,4027.58714,765.0
Germany,DEU,2019,3.16701,5398.63462,46632.0
Denmark,DNK,2019,2.89685,7693.54905,1351.0
East Asia & Pacific,EAS,2019,2.40105645942139,1720.6069016903,1679298.0
Europe & Central Asia,ECS,2019,2.13391885912954,3181.24502772033,221382.0
"Egypt, Arab Rep.",EGY,2019,0.79617,776.5619,1027.0
Spain,ESP,2019,1.25025,3048.15265,1288.0
Estonia,EST,2019,1.62058,3770.42028,31.0
Finland,FIN,2019,2.79961,7245.85837,1321.0
France,FRA,2019,2.19179,4773.97249,14103.0
Georgia,GEO,2019,0.28197,1788.43187,85.0
Greece,GRC,2019,1.27499,3644.60084,356.0
Guatemala,GTM,2019,0.02642,14.95967,7.0
High income,HIC,2019,2.69819670583231,4258.84445281343,900200.0
"Hong Kong SAR, China",HKG,2019,0.92557,4240.38811,346.0
Croatia,HRV,2019,1.07027,2203.55061,195.0
Hungary,HUN,2019,1.47291,4021.15293,427.0
Indonesia,IDN,2019,0.27129,387.17063,3093.0
Ireland,IRL,2019,1.16068,4961.4389,58.0
"Iran, Islamic Rep.",IRN,2019,0.78829,1588.4273,11569.0
Iraq,IRQ,2019,0.03266,118.26846,737.0
Italy,ITA,2019,1.46159,2670.65345,9229.0
Japan,JPN,2019,3.21824,5376.11987,245372.0
"Korea, Rep.",KOR,2019,4.62703,8328.96727,171603.0
Lithuania,LTU,2019,0.99266,3445.30515,90.0
Luxembourg,LUX,2019,1.18177,5090.81552,117.0
Latvia,LVA,2019,0.63847,1891.24705,82.0
Moldova,MDA,2019,0.24145,823.53362,85.0
Mexico,MEX,2019,0.27606,282.18884,1305.0
Malta,MLT,2019,0.55993,1902.71628,5.0
Montenegro,MNE,2019,0.36328,764.41883,16.0
Mauritius,MUS,2019,0.35699,543.55651,4.0
North America,NAC,2019,3.04124023088312,4325.7488563704,289351.0
Nigeria,NGA,2019,0.28444,22.12011,439.0
Netherlands,NLD,2019,2.18435,5592.12175,2228.0
Norway,NOR,2019,2.136,6737.55318,957.0
New Zealand,NZL,2019,1.40803,5665.38305,324.0
Oman,OMN,2019,0.27255,382.86992,30.0
Pakistan,PAK,2019,0.17475,362.3767,313.0
Panama,PAN,2019,0.13624,110.65703,34.0
Poland,POL,2019,1.32335,3159.06604,3887.0
Portugal,PRT,2019,1.39562,4859.21726,703.0
Paraguay,PRY,2019,0.13751,169.35536,4.0
Romania,ROU,2019,0.47616,887.46612,881.0
Russian Federation,RUS,2019,1.03531,2734.68619,23337.0
Singapore,SGP,2019,1.88474,7509.61271,1727.0
El Salvador,SLV,2019,0.17477,75.70551,1.0
Serbia,SRB,2019,0.88667,2087.27636,168.0
Slovak Republic,SVK,2019,0.8224,3116.82472,206.0
Sweden,SWE,2019,3.38758,7685.83827,1802.0
Thailand,THA,2019,1.14317,1744.16222,865.0
Trinidad and Tobago,TTO,2019,0.0596,459.95724,1.0
Turkiye,TUR,2019,1.3196,1737.57621,7871.0
Ukraine,UKR,2019,0.43384,880.55411,2097.0
Upper middle income,UMC,2019,1.66708493929361,1222.64127027281,1289800.0
United States,USA,2019,3.14704,4265.92083,285113.0
Uzbekistan,UZB,2019,0.11306,422.11189,374.0
Viet Nam,VNM,2019,0.41652,754.61752,720.0
South Africa,ZAF,2019,0.61304,479.86558,567.0
United Arab Emirates,ARE,2020,1.48831,2581.47405,39.0
Argentina,ARG,2020,0.54126,1250.48347,930.0
Austria,AUT,2020,3.20278,5829.2859,2124.0
Azerbaijan,AZE,2020,0.2239,1732.37308,90.0
Belgium,BEL,2020,3.39175,5418.91258,862.0
Bulgaria,BGR,2020,0.84967,2401.16918,239.0
Bosnia and Herzegovina,BIH,2020,0.20325,446.11618,50.0
Belarus,BLR,2020,0.53901,1473.37761,317.0
Canada,CAN,2020,1.93414,5155.65021,4452.0
Chile,CHL,2020,0.33525,515.32026,372.0
China,CHN,2020,2.40666,1600.30633,1344817.0
Costa Rica,CRI,2020,0.33002,371.97029,12.0
Cuba,CUB,2020,0.51838,2121.90949,33.0
Cyprus,CYP,2020,0.83654,1739.85507,2.0
Czechia,CZE,2020,1.98599,4187.18471,673.0
Germany,DEU,2020,3.13136,5390.05249,42260.0
Denmark,DNK,2020,2.97258,7651.2843,1261.0
East Asia & Pacific,EAS,2020,2.58570735599471,1839.09362625821,1769228.0
Europe & Central Asia,ECS,2020,2.2004973536204,3191.1050267162,215964.0
"Egypt, Arab Rep.",EGY,2020,0.91564,790.65531,978.0
Spain,ESP,2020,1.4091,3051.64642,1431.0
Estonia,EST,2020,1.75315,3836.37969,21.0
Finland,FIN,2020,2.91243,7548.32504,1588.0
France,FRA,2020,2.27464,4883.2219,12771.0
Georgia,GEO,2020,0.29765,1799.17121,81.0
Greece,GRC,2020,1.51149,4008.18457,400.0
Guatemala,GTM,2020,0.04888,17.2968,7.0
High income,HIC,2020,2.8736191769429,4238.73937110299,870300.0
"Hong Kong SAR, China",HKG,2020,0.99236,4355.79712,423.0
Croatia,HRV,2020,1.22989,2295.44402,117.0
Hungary,HUN,2020,1.59252,4309.61589,428.0
Indonesia,IDN,2020,0.28068,395.34168,1309.0
India,IND,2020,0.64558,259.26325,23141.0
Ireland,IRL,2020,1.14551,5196.11055,75.0
Iraq,IRQ,2020,0.04053,136.59963,635.0
Italy,ITA,2020,1.5066,2614.68181,10061.0
Japan,JPN,2020,3.26458,5450.44287,227348.0
Kazakhstan,KAZ,2020,0.12602,668.82871,803.0
"Korea, Rep.",KOR,2020,4.79571,8620.009,180477.0
Sri Lanka,LKA,2020,0.11616,100.80931,353.0
Lithuania,LTU,2020,1.13261,3643.24539,95.0
Luxembourg,LUX,2020,1.09584,4688.80483,129.0
Latvia,LVA,2020,0.73439,2134.06006,93.0
"Macao SAR, China",MAC,2020,0.45327,3826.01324,3.0
Moldova,MDA,2020,0.23511,774.67919,85.0
Mexico,MEX,2020,0.29191,281.59287,1132.0
North Macedonia,MKD,2020,0.37264,868.87807,47.0
Malta,MLT,2020,0.64566,1964.91528,6.0
Mongolia,MNG,2020,0.13301,332.37478,66.0
Mauritius,MUS,2020,0.40299,558.19237,6.0
Malaysia,MYS,2020,0.95055,711.51035,989.0
North America,NAC,2020,3.31509481732004,4535.24877100525,274038.0
Netherlands,NLD,2020,2.32182,5799.27532,2198.0
Norway,NOR,2020,2.24436,6766.01432,880.0
Oman,OMN,2020,0.31599,374.1444,11.0
Panama,PAN,2020,0.23235,167.55608,22.0
Poland,POL,2020,1.38608,3260.15498,4010.0
Portugal,PRT,2020,1.61392,5131.43982,695.0
Paraguay,PRY,2020,0.15697,141.19046,14.0
Romania,ROU,2020,0.46538,942.32049,817.0
Russian Federation,RUS,2020,1.09099,2710.16353,23759.0
South Asia,SAS,2020,0.629398082132028,256.825157725473,23872.0
Saudi Arabia,SAU,2020,0.49802,512.05775,1294.0
Singapore,SGP,2020,2.15626,7503.32643,1778.0
El Salvador,SLV,2020,0.16299,59.77671,4.0
Serbia,SRB,2020,0.90558,2149.85336,138.0
Slovak Republic,SVK,2020,0.89773,3167.43232,206.0
Slovenia,SVN,2020,2.14156,5187.16109,232.0
Sweden,SWE,2020,3.4896,7754.64384,1764.0
Thailand,THA,2020,1.32818,2018.34788,863.0
Trinidad and Tobago,TTO,2020,0.06512,604.73029,1.0
Turkiye,TUR,2020,1.36748,1964.65668,7920.0
Ukraine,UKR,2020,0.40318,846.24846,1361.0
Upper middle income,UMC,2020,1.83356603715537,1282.81411400432,1391200.0
United States,USA,2020,3.42467,4464.09495,269586.0
Uzbekistan,UZB,2020,0.1385,426.4918,356.0
South Africa,ZAF,2020,0.6024,459.98774,542.0
United Arab Emirates,ARE,2021,1.49469,2606.78477,69.0
Argentina,ARG,2021,0.52216,1288.13477,406.0
Austria,AUT,2021,3.26361,6323.00331,1872.0
Azerbaijan,AZE,2021,0.20836,1743.43016,119.0
Belgium,BEL,2021,3.39239,6596.70594,799.0
Bulgaria,BGR,2021,0.77278,2346.69591,165.0
Bosnia and Herzegovina,BIH,2021,0.19035,445.69281,53.0
Belarus,BLR,2021,0.45981,1439.1965,276.0
Canada,CAN,2021,1.86431,5411.82682,4710.0
Switzerland,CHE,2021,3.30645,6021.39855,1288.0
Chile,CHL,2021,0.36041,638.83802,402.0
China,CHN,2021,2.4326,1685.97511,1426644.0
Costa Rica,CRI,2021,0.27385,406.58119,15.0
Cuba,CUB,2021,0.32282,2099.70203,21.0
Cyprus,CYP,2021,0.8003,1743.06674,1.0
Czechia,CZE,2021,1.99601,4560.45106,541.0
Germany,DEU,2021,3.12882,5520.57631,39822.0
Denmark,DNK,2021,2.76142,7708.2373,1090.0
"Egypt, Arab Rep.",EGY,2021,0.91175,808.43512,881.0
Spain,ESP,2021,1.41122,3229.64887,1308.0
Estonia,EST,2021,1.76766,4036.13127,25.0
Finland,FIN,2021,2.9885,7870.42868,1557.0
France,FRA,2021,2.21808,5058.05374,13386.0
Georgia,GEO,2021,0.24875,1702.96062,90.0
Greece,GRC,2021,1.45782,4244.36826,394.0
Guatemala,GTM,2021,0.05863,14.52588,9.0
"Hong Kong SAR, China",HKG,2021,0.97026,4591.73346,401.0
Croatia,HRV,2021,1.23124,2414.42218,77.0
Hungary,HUN,2021,1.64379,4452.48668,433.0
Ireland,IRL,2021,1.11065,5213.43167,75.0
"Iran, Islamic Rep.",IRN,2021,0.72665,2239.74005,10210.0
Iceland,ISL,2021,2.77875,6941.30115,34.0
Italy,ITA,2021,1.42658,2658.8949,10281.0
Japan,JPN,2021,3.27677,5589.76698,222452.0
"Korea, Rep.",KOR,2021,4.90988,9071.4503,186245.0
Lithuania,LTU,2021,1.10436,3946.51068,81.0
Luxembourg,LUX,2021,1.0412,4939.08633,112.0
Latvia,LVA,2021,0.74622,2395.27344,104.0
"Macao SAR, China",MAC,2021,0.37318,4092.52683,2.0
Moldova,MDA,2021,0.23154,781.24167,64.0
Mexico,MEX,2021,0.27378,273.14814,1117.0
North Macedonia,MKD,2021,0.37252,843.87245,42.0
Malta,MLT,2021,0.65205,2157.55518,5.0
Mongolia,MNG,2021,0.10008,681.35643,109.0
Mauritius,MUS,2021,0.36784,564.33636,6.0
Netherlands,NLD,2021,2.26877,6003.86605,2080.0
Norway,NOR,2021,1.88764,7228.72168,946.0
New Zealand,NZL,2021,1.46569,5094.76159,330.0
Oman,OMN,2021,0.28978,332.10768,30.0
Pakistan,PAK,2021,0.16431,401.38994,426.0
Panama,PAN,2021,0.17688,134.74424,35.0
Poland,POL,2021,1.43183,3558.20467,3377.0
Portugal,PRT,2021,1.67051,5430.93667,711.0
Paraguay,PRY,2021,0.14398,142.72905,10.0
Qatar,QAT,2021,0.68058,947.77921,47.0
Romania,ROU,2021,0.47234,988.67695,772.0
Russian Federation,RUS,2021,0.95857,2662.4691,19569.0
Saudi Arabia,SAU,2021,0.44266,794.29927,1398.0
El Salvador,SLV,2021,0.16252,65.31984,2.0
Serbia,SRB,2021,0.99379,2206.70833,138.0
Slovak Republic,SVK,2021,0.91611,3211.13115,146.0
Slovenia,SVN,2021,2.128,5235.17998,222.0
Sweden,SWE,2021,3.40216,8159.79705,1771.0
Thailand,THA,2021,1.20807,1695.79586,867.0
Trinidad and Tobago,TTO,2021,0.05374,539.19183,2.0
Turkiye,TUR,2021,1.40209,2209.69913,8234.0
Ukraine,UKR,2021,0.38478,774.07275,1302.0
United States,USA,2021,3.48313,4825.1804,262244.0
Uzbekistan,UZB,2021,0.1316,523.87885,413.0
Viet Nam,VNM,2021,0.42494,767.88667,1066.0
South Africa,ZAF,2021,0.61503,454.79773,1804.0
